time_s,mcu_tick_ms,adc,target,integral,error,kp,ki,output_x100,duty
0.0010008811950683594,5229102,2060,2048,401,-12,0.01,0.002,5068,51
0.07599735260009766,5229212,2052,2048,400,-4,0.01,0.002,5076,51
0.10799765586853027,5229322,2035,2048,402,13,0.01,0.002,5093,51
0.19899535179138184,5229432,2061,2048,400,-13,0.01,0.002,5067,51
0.4663968086242676,1,2153,2048,-10,-105,0.01,0.002,4893,49
0.5763957500457764,110,1960,2048,-1,88,0.01,0.002,5088,51
0.6854128837585449,219,2041,2048,0,7,0.01,0.002,5007,50
0.7944114208221436,328,2009,2048,2,39,0.01,0.002,5040,50
0.9030635356903076,437,2020,2048,5,28,0.01,0.002,5029,50
1.011657476425171,546,2016,2048,8,32,0.01,0.002,5034,50
1.1216552257537842,655,2018,2048,11,30,0.01,0.002,5032,50
1.2306530475616455,764,2018,2048,14,30,0.01,0.002,5033,50
1.339651346206665,873,2016,2048,18,32,0.01,0.002,5036,50
1.4481103420257568,982,2021,2048,20,27,0.01,0.002,5031,50
1.5571084022521973,1091,2017,2048,23,31,0.01,0.002,5036,50
1.6665058135986328,1200,2023,2048,26,25,0.01,0.002,5030,50
1.7754957675933838,1309,2017,2048,29,31,0.01,0.002,5037,50
1.884493350982666,1418,2039,2048,30,9,0.01,0.002,5015,50
1.9934914112091064,1527,2031,2048,32,17,0.01,0.002,5023,50
2.1024892330169678,1636,2032,2048,33,16,0.01,0.002,5023,50
2.2120723724365234,1745,2032,2048,35,16,0.01,0.002,5023,50
2.321070432662964,1854,2031,2048,37,17,0.01,0.002,5024,50
2.4303789138793945,1963,2031,2048,38,17,0.01,0.002,5025,50
2.5396533012390137,2072,2032,2048,40,16,0.01,0.002,5024,50
2.648651361465454,2181,2011,2048,44,37,0.01,0.002,5046,50
2.757159471511841,2290,2025,2048,46,23,0.01,0.002,5032,50
2.8661575317382812,2399,2015,2048,49,33,0.01,0.002,5043,50
2.9749624729156494,2508,2022,2048,52,26,0.01,0.002,5036,50
3.0839600563049316,2617,2016,2048,55,32,0.01,0.002,5043,50
3.1939587593078613,2726,2021,2048,58,27,0.01,0.002,5039,50
3.302734851837158,2835,2020,2048,60,28,0.01,0.002,5040,50
3.4112565517425537,2944,2024,2048,63,24,0.01,0.002,5037,50
3.521254539489746,3053,2022,2048,65,26,0.01,0.002,5039,50
3.629741668701172,3162,2021,2048,68,27,0.01,0.002,5041,50
3.7387731075286865,3271,2020,2048,71,28,0.01,0.002,5042,50
3.847689390182495,3380,2022,2048,74,26,0.01,0.002,5041,50
3.9569478034973145,3489,2021,2048,76,27,0.01,0.002,5042,50
4.06620454788208,3598,2021,2048,79,27,0.01,0.002,5043,50
4.174675464630127,3707,2022,2048,81,26,0.01,0.002,5042,50
4.284282445907593,3816,2025,2048,84,23,0.01,0.002,5040,50
4.393279790878296,3925,2022,2048,86,26,0.01,0.002,5043,50
4.50227689743042,4034,2022,2048,89,26,0.01,0.002,5044,50
4.611560583114624,4143,2022,2048,92,26,0.01,0.002,5044,50
4.720580339431763,4252,2021,2048,94,27,0.01,0.002,5046,50
4.829578399658203,4361,2025,2048,97,23,0.01,0.002,5042,50
4.938206195831299,4470,2021,2048,99,27,0.01,0.002,5047,50
5.047204256057739,4579,2025,2048,102,23,0.01,0.002,5043,50
5.156248569488525,4688,2021,2048,104,27,0.01,0.002,5048,50
5.265245676040649,4797,2041,2048,105,7,0.01,0.002,5028,50
5.374640464782715,4906,2035,2048,106,13,0.01,0.002,5034,50
5.483736753463745,5015,2018,2048,109,30,0.01,0.002,5052,51
5.592745065689087,5124,2024,2048,112,24,0.01,0.002,5046,50
5.701953887939453,5233,2028,2048,114,20,0.01,0.002,5043,50
5.811313629150391,5342,2020,2048,116,28,0.01,0.002,5051,51
5.920311450958252,5451,2025,2048,119,23,0.01,0.002,5047,50
6.029277563095093,5560,2025,2048,121,23,0.01,0.002,5047,50
6.138274669647217,5669,2024,2048,124,24,0.01,0.002,5049,50
6.247272729873657,5778,2043,2048,124,5,0.01,0.002,5030,50
6.3562705516815186,5887,2037,2048,125,11,0.01,0.002,5036,50
6.465268611907959,5996,2021,2048,128,27,0.01,0.002,5053,51
6.574270725250244,6105,2025,2048,130,23,0.01,0.002,5049,50
6.683264493942261,6214,2025,2048,132,23,0.01,0.002,5050,50
6.792773723602295,6323,2024,2048,135,24,0.01,0.002,5051,51
6.901773929595947,6432,2023,2048,137,25,0.01,0.002,5053,51
7.010793209075928,6541,2025,2048,140,23,0.01,0.002,5051,51
7.119791030883789,6650,2026,2048,142,22,0.01,0.002,5050,51
7.228790044784546,6759,2027,2048,144,21,0.01,0.002,5050,50
7.338073968887329,6868,2025,2048,146,23,0.01,0.002,5052,51
7.446446180343628,6977,2026,2048,148,22,0.01,0.002,5052,51
7.555444240570068,7086,2024,2048,151,24,0.01,0.002,5054,51
7.664548397064209,7195,2024,2048,153,24,0.01,0.002,5055,51
7.773545026779175,7304,2026,2048,155,22,0.01,0.002,5053,51
7.882586240768433,7413,2025,2048,158,23,0.01,0.002,5055,51
7.992584466934204,7522,2026,2048,160,22,0.01,0.002,5054,51
8.101583242416382,7631,2025,2048,162,23,0.01,0.002,5056,51
8.210581541061401,7740,2029,2048,164,19,0.01,0.002,5052,51
8.319642066955566,7849,2025,2048,166,23,0.01,0.002,5056,51
8.428651332855225,7958,2027,2048,169,21,0.01,0.002,5055,51
8.537814140319824,8067,2023,2048,171,25,0.01,0.002,5059,51
8.646812677383423,8176,2049,2048,171,-1,0.01,0.002,5033,50
8.755915880203247,8285,2016,2048,174,32,0.01,0.002,5067,51
8.864657163619995,8394,2050,2048,174,-2,0.01,0.002,5033,50
8.974175214767456,8503,2016,2048,177,32,0.01,0.002,5068,51
9.082760334014893,8612,2033,2048,179,15,0.01,0.002,5051,51
9.191756963729858,8721,2044,2048,179,4,0.01,0.002,5040,50
9.300754308700562,8830,2022,2048,182,26,0.01,0.002,5062,51
9.409752607345581,8939,2029,2048,183,19,0.01,0.002,5056,51
9.519261598587036,9048,2048,2048,183,0,0.01,0.002,5037,50
9.628260850906372,9157,2039,2048,184,9,0.01,0.002,5046,50
9.737266778945923,9266,2043,2048,185,5,0.01,0.002,5042,50
9.846282005310059,9375,2020,2048,188,28,0.01,0.002,5066,51
9.95498514175415,9484,2033,2048,189,15,0.01,0.002,5053,51
10.063982486724854,9593,2024,2048,192,24,0.01,0.002,5062,51
10.172980546951294,9702,2047,2048,192,1,0.01,0.002,5039,50
10.281978607177734,9811,2021,2048,194,27,0.01,0.002,5066,51
10.391052007675171,9920,2034,2048,196,14,0.01,0.002,5053,51
10.501049757003784,10029,2043,2400,231,357,0.01,0.002,5403,54
10.610423564910889,10139,2183,2400,253,217,0.01,0.002,5268,53
10.720945835113525,10249,2135,2400,280,265,0.01,0.002,5321,53
10.8309805393219,10359,2150,2400,305,250,0.01,0.002,5311,53
10.940978527069092,10469,2165,2400,328,235,0.01,0.002,5301,53
11.050976514816284,10579,2143,2400,354,257,0.01,0.002,5328,53
11.160977840423584,10689,2157,2400,378,243,0.01,0.002,5319,53
11.27097225189209,10799,2171,2400,401,229,0.01,0.002,5309,53
11.380985736846924,10909,2163,2400,425,237,0.01,0.002,5322,53
11.491355180740356,11019,2152,2400,450,248,0.01,0.002,5338,53
11.601353406906128,11129,2159,2400,474,241,0.01,0.002,5336,53
11.711388349533081,11239,2178,2400,496,222,0.01,0.002,5321,53
11.821386337280273,11349,2171,2400,519,229,0.01,0.002,5333,53
11.931420087814331,11459,2155,2400,543,245,0.01,0.002,5354,54
12.04141879081726,11569,2182,2400,565,218,0.01,0.002,5331,53
12.15166163444519,11679,2156,2400,590,244,0.01,0.002,5362,54
12.262015581130981,11789,2167,2400,613,233,0.01,0.002,5356,54
12.372048616409302,11899,2167,2400,636,233,0.01,0.002,5360,54
12.482046604156494,12009,2186,2400,658,214,0.01,0.002,5346,53
12.592044591903687,12119,2181,2400,679,219,0.01,0.002,5355,54
12.7020423412323,12229,2164,2400,703,236,0.01,0.002,5377,54
12.812040567398071,12339,2174,2400,726,226,0.01,0.002,5371,54
12.922431945800781,12449,2171,2400,749,229,0.01,0.002,5379,54
13.032425880432129,12559,2194,2400,769,206,0.01,0.002,5360,54
13.142423629760742,12669,2186,2400,791,214,0.01,0.002,5372,54
13.252421855926514,12779,2171,2400,813,229,0.01,0.002,5392,54
13.361927270889282,12889,2179,2400,836,221,0.01,0.002,5388,54
13.471925258636475,12999,2179,2400,858,221,0.01,0.002,5393,54
13.582432270050049,13109,2199,2400,878,201,0.01,0.002,5377,54
13.692430019378662,13219,2175,2400,900,225,0.01,0.002,5405,54
13.80266785621643,13329,2186,2400,922,214,0.01,0.002,5398,54
13.911990404129028,13439,2202,2400,941,198,0.01,0.002,5386,54
14.023032903671265,13549,2198,2400,962,202,0.01,0.002,5394,54
14.133031368255615,13659,2179,2400,984,221,0.01,0.002,5418,54
14.243029356002808,13769,2190,2400,1005,210,0.01,0.002,5411,54
14.353041172027588,13879,2188,2400,1026,212,0.01,0.002,5417,54
14.46319580078125,13989,2209,2400,1045,191,0.01,0.002,5400,54
14.573193550109863,14099,2201,2400,1065,199,0.01,0.002,5412,54
14.683226108551025,14209,2187,2400,1086,213,0.01,0.002,5430,54
14.793243169784546,14319,2195,2400,1107,205,0.01,0.002,5426,54
14.902786493301392,14429,2213,2400,1125,187,0.01,0.002,5412,54
15.013296365737915,14539,2206,2400,1145,194,0.01,0.002,5423,54
15.123293399810791,14649,2209,2400,1164,191,0.01,0.002,5424,54
15.233291387557983,14759,2210,2400,1183,190,0.01,0.002,5427,54
15.343320846557617,14869,2213,2400,1202,187,0.01,0.002,5427,54
15.453489780426025,14979,2215,2400,1220,185,0.01,0.002,5429,54
15.562984704971313,15089,2214,2400,1239,186,0.01,0.002,5434,54
15.672982454299927,15199,2214,2400,1257,186,0.01,0.002,5438,54
15.78298044204712,15309,2218,2400,1275,182,0.01,0.002,5437,54
15.893051624298096,15419,2217,2400,1294,183,0.01,0.002,5442,54
16.00404953956604,15529,2214,2400,1312,186,0.01,0.002,5449,54
16.1135573387146,15639,2203,2400,1332,197,0.01,0.002,5464,55
16.22355556488037,15749,2206,2400,1351,194,0.01,0.002,5464,55
16.33406114578247,15859,2231,2400,1368,169,0.01,0.002,5443,54
16.44405961036682,15969,2218,2400,1387,182,0.01,0.002,5459,55
16.554059982299805,16079,2225,2400,1404,175,0.01,0.002,5456,55
16.664055585861206,16189,2207,2400,1423,193,0.01,0.002,5478,55
16.77405333518982,16299,2216,2400,1442,184,0.01,0.002,5472,55
16.88405132293701,16409,2229,2400,1459,171,0.01,0.002,5463,55
16.99435305595398,16519,2208,2400,1478,192,0.01,0.002,5488,55
17.103728771209717,16629,2218,2400,1496,182,0.01,0.002,5481,55
17.213876485824585,16739,2235,2400,1513,165,0.01,0.002,5468,55
17.323891639709473,16849,2229,2400,1530,171,0.01,0.002,5477,55
17.43392252922058,16959,2232,2400,1547,168,0.01,0.002,5477,55
17.54475688934326,17069,2214,2400,1565,186,0.01,0.002,5499,55
17.654754638671875,17179,2223,2400,1583,177,0.01,0.002,5494,55
17.76478910446167,17289,2218,2400,1601,182,0.01,0.002,5502,55
17.874825477600098,17399,2225,2400,1619,175,0.01,0.002,5499,55
17.984735250473022,17509,2242,2400,1634,158,0.01,0.002,5485,55
18.09502339363098,17619,2237,2400,1651,163,0.01,0.002,5493,55
18.205018758773804,17729,2218,2400,1669,182,0.01,0.002,5516,55
18.315041065216064,17839,2233,2400,1686,167,0.01,0.002,5504,55
18.425039052963257,17949,2241,2400,1702,159,0.01,0.002,5499,55
18.53511095046997,18059,2243,2400,1717,157,0.01,0.002,5501,55
18.645349979400635,18169,2222,2400,1735,178,0.01,0.002,5525,55
18.754963397979736,18279,2235,2400,1752,165,0.01,0.002,5515,55
18.864824295043945,18389,2232,2400,1768,168,0.01,0.002,5522,55
18.974822282791138,18499,2249,2400,1783,151,0.01,0.002,5508,55
19.08518624305725,18609,2228,2400,1801,172,0.01,0.002,5532,55
19.19549560546875,18719,2234,2400,1817,166,0.01,0.002,5530,55
19.3051495552063,18829,2252,2400,1832,148,0.01,0.002,5515,55
19.41514754295349,18939,2245,2400,1848,155,0.01,0.002,5525,55
19.525534629821777,19049,2231,2400,1864,169,0.01,0.002,5542,55
19.635542154312134,19159,2238,2400,1881,162,0.01,0.002,5538,55
19.745540380477905,19269,2240,2400,1897,160,0.01,0.002,5539,55
19.855892181396484,19379,2257,2400,1911,143,0.01,0.002,5525,55
19.965476274490356,19489,2235,2400,1927,165,0.01,0.002,5551,56
20.075706481933594,19599,2242,2400,1943,158,0.01,0.002,5547,55
20.185320615768433,19709,2259,2400,1957,141,0.01,0.002,5533,55
20.295666933059692,19819,2253,2400,1972,147,0.01,0.002,5542,55
20.406104564666748,19929,2238,2400,1988,162,0.01,0.002,5560,56
20.51638960838318,20039,2245,2400,2004,155,0.01,0.002,5556,56
20.626387357711792,20149,2247,2400,2019,153,0.01,0.002,5557,56
20.735764265060425,20259,2265,2400,2033,135,0.01,0.002,5542,55
20.845762252807617,20369,2238,2400,2049,162,0.01,0.002,5572,56
20.956761598587036,20479,2269,2400,2062,131,0.01,0.002,5543,55
21.066083192825317,20589,2257,2400,2076,143,0.01,0.002,5558,56
21.176118850708008,20699,2247,2400,2091,153,0.01,0.002,5571,56
21.286117553710938,20809,2251,2400,2106,149,0.01,0.002,5570,56
21.396114349365234,20919,2270,2400,2119,130,0.01,0.002,5554,56
21.506150484085083,21029,2243,2400,2135,157,0.01,0.002,5584,56
21.616379976272583,21139,2255,2400,2150,145,0.01,0.002,5575,56
21.726378202438354,21249,2271,2400,2162,129,0.01,0.002,5562,56
21.836706399917603,21359,2265,2400,2176,135,0.01,0.002,5570,56
21.946987867355347,21469,2250,2400,2191,150,0.01,0.002,5588,56
22.0571608543396,21579,2276,2400,2203,124,0.01,0.002,5565,56
22.16715908050537,21689,2265,2400,2217,135,0.01,0.002,5578,56
22.277157068252563,21799,2255,2400,2231,145,0.01,0.002,5591,56
22.387154817581177,21909,2277,2400,2244,123,0.01,0.002,5572,56
22.49715304374695,22019,2269,2400,2257,131,0.01,0.002,5582,56
22.60715079307556,22129,2255,2400,2271,145,0.01,0.002,5599,56
22.717449426651,22239,2284,2400,2283,116,0.01,0.002,5573,56
22.826719999313354,22349,2267,2400,2296,133,0.01,0.002,5592,56
22.936718225479126,22459,2257,2400,2310,143,0.01,0.002,5605,56
23.047718286514282,22569,2266,2400,2324,134,0.01,0.002,5599,56
23.156782627105713,22679,2284,2400,2335,116,0.01,0.002,5583,56
23.26679491996765,22789,2257,2400,2350,143,0.01,0.002,5613,56
23.37730097770691,22899,2266,2400,2363,134,0.01,0.002,5607,56
23.487558126449585,23009,2283,2400,2375,117,0.01,0.002,5592,56
23.597772121429443,23119,2260,2400,2389,140,0.01,0.002,5618,56
23.707769870758057,23229,2289,2400,2400,111,0.01,0.002,5591,56
23.81770658493042,23339,2276,2400,2412,124,0.01,0.002,5607,56
23.92775797843933,23449,2286,2400,2424,114,0.01,0.002,5599,56
24.037949323654175,23559,2262,2400,2438,138,0.01,0.002,5626,56
24.14794683456421,23669,2293,2400,2448,107,0.01,0.002,5597,56
24.2579448223114,23779,2280,2400,2460,120,0.01,0.002,5612,56
24.368193864822388,23889,2271,2400,2473,129,0.01,0.002,5624,56
24.47823143005371,23999,2291,2400,2484,109,0.01,0.002,5606,56
24.588228940963745,24109,2284,2400,2496,116,0.01,0.002,5615,56
24.69775700569153,24219,2271,2400,2509,129,0.01,0.002,5631,56
24.808310747146606,24329,2272,2400,2521,128,0.01,0.002,5632,56
24.917994022369385,24439,2293,2400,2532,107,0.01,0.002,5614,56
25.027991771697998,24549,2266,2400,2545,134,0.01,0.002,5643,56
25.138278245925903,24659,2276,2400,2558,124,0.01,0.002,5636,56
25.248659133911133,24769,2299,2400,2568,101,0.01,0.002,5615,56
25.358243465423584,24879,2286,2400,2579,114,0.01,0.002,5630,56
25.468241453170776,24989,2274,2400,2592,126,0.01,0.002,5644,56
25.57828164100647,25099,2277,2400,2604,123,0.01,0.002,5644,56
25.688279628753662,25209,2297,2400,2615,103,0.01,0.002,5626,56
25.798307180404663,25319,2273,2400,2627,127,0.01,0.002,5653,57
25.908304929733276,25429,2300,2400,2637,100,0.01,0.002,5628,56
26.018303155899048,25539,2292,2400,2648,108,0.01,0.002,5638,56
26.12830090522766,25649,2280,2400,2660,120,0.01,0.002,5652,57
26.238315105438232,25759,2301,2400,2670,99,0.01,0.002,5633,56
26.349313020706177,25869,2293,2400,2681,107,0.01,0.002,5643,56
26.45831060409546,25979,2278,2400,2693,122,0.01,0.002,5661,57
26.568387985229492,26089,2285,2400,2704,115,0.01,0.002,5656,57
26.678385734558105,26199,2304,2400,2714,96,0.01,0.002,5639,56
26.789174556732178,26309,2280,2400,2726,120,0.01,0.002,5665,57
26.899315118789673,26419,2288,2400,2737,112,0.01,0.002,5660,57
27.008716821670532,26529,2303,2400,2747,97,0.01,0.002,5646,56
27.118712425231934,26639,2282,2400,2759,118,0.01,0.002,5670,57
27.229199171066284,26749,2290,2400,2770,110,0.01,0.002,5664,57
27.339321851730347,26859,2305,2400,2779,95,0.01,0.002,5651,57
27.449018955230713,26969,2301,2400,2789,99,0.01,0.002,5657,57
27.559442281723022,27079,2285,2400,2801,115,0.01,0.002,5675,57
27.669440269470215,27189,2312,2400,2809,88,0.01,0.002,5650,56
27.779475688934326,27299,2301,2400,2819,99,0.01,0.002,5663,57
27.889473915100098,27409,2287,2400,2831,113,0.01,0.002,5679,57
27.999471426010132,27519,2311,2400,2839,89,0.01,0.002,5657,57
28.10954523086548,27629,2283,2400,2851,117,0.01,0.002,5687,57
28.219542980194092,27739,2297,2400,2861,103,0.01,0.002,5675,57
28.329530954360962,27849,2313,2400,2870,87,0.01,0.002,5661,57
28.439849376678467,27959,2286,2400,2882,114,0.01,0.002,5690,57
28.550079107284546,28069,2316,2400,2890,84,0.01,0.002,5662,57
28.660077333450317,28179,2303,2400,2900,97,0.01,0.002,5677,57
28.770076513290405,28289,2295,2400,2910,105,0.01,0.002,5687,57
28.879982233047485,28399,2316,2400,2919,84,0.01,0.002,5668,57
28.990007400512695,28509,2290,2400,2930,110,0.01,0.002,5696,57
29.100005626678467,28619,2302,2400,2939,98,0.01,0.002,5686,57
29.209512948989868,28729,2315,2400,2948,85,0.01,0.002,5675,57
29.32002568244934,28839,2289,2400,2959,111,0.01,0.002,5703,57
29.430023431777954,28949,2302,2400,2969,98,0.01,0.002,5692,57
29.5401291847229,29059,2317,2400,2977,83,0.01,0.002,5679,57
29.650126934051514,29169,2295,2400,2988,105,0.01,0.002,5703,57
29.760125160217285,29279,2302,2400,2997,98,0.01,0.002,5698,57
29.87015676498413,29389,2320,2400,3005,80,0.01,0.002,5681,57
29.980648279190063,29499,2292,2400,3016,108,0.01,0.002,5711,57
30.09013533592224,29609,2325,2400,3024,75,0.01,0.002,5680,57
30.200132369995117,29719,2288,2400,3035,112,0.01,0.002,5719,57
30.310165882110596,29829,2308,2400,3044,92,0.01,0.002,5701,57
30.420164108276367,29939,2321,2400,3052,79,0.01,0.002,5689,57
30.53016209602356,30049,2297,2400,3062,103,0.01,0.002,5716,57
30.640159845352173,30159,2309,2400,3071,91,0.01,0.002,5705,57
30.750195741653442,30269,2305,2400,3081,95,0.01,0.002,5711,57
30.860193490982056,30379,2307,2400,3090,93,0.01,0.002,5711,57
30.97019124031067,30489,2325,2400,3098,75,0.01,0.002,5695,57
31.081228017807007,30599,2296,2400,3108,104,0.01,0.002,5726,57
31.191226482391357,30709,2312,2400,3117,88,0.01,0.002,5711,57
31.300251245498657,30819,2325,2400,3124,75,0.01,0.002,5700,57
31.41024947166443,30929,2302,2400,3134,98,0.01,0.002,5725,57
31.52075505256653,31039,2310,2400,3143,90,0.01,0.002,5719,57
31.630927085876465,31149,2330,2400,3150,70,0.01,0.002,5700,57
31.740410566329956,31259,2301,2400,3160,99,0.01,0.002,5731,57
31.85140824317932,31369,2313,2400,3169,87,0.01,0.002,5721,57
31.96040654182434,31479,2328,2400,3176,72,0.01,0.002,5707,57
32.071404457092285,31589,2307,2400,3185,93,0.01,0.002,5730,57
32.181015968322754,31699,2313,2400,3194,87,0.01,0.002,5726,57
32.291013956069946,31809,2332,2400,3201,68,0.01,0.002,5708,57
32.40106177330017,31919,2306,2400,3210,94,0.01,0.002,5736,57
32.511059522628784,32029,2319,2400,3218,81,0.01,0.002,5725,57
32.621217489242554,32139,2327,2400,3226,73,0.01,0.002,5718,57
32.73121523857117,32249,2311,2400,3234,89,0.01,0.002,5736,57
32.84172248840332,32359,2317,2400,3243,83,0.01,0.002,5732,57
32.95172071456909,32469,2330,2400,3250,70,0.01,0.002,5720,57
33.061312437057495,32579,2329,2400,3257,71,0.01,0.002,5722,57
33.17155575752258,32689,2310,2400,3266,90,0.01,0.002,5743,57
33.280967235565186,32799,2316,2400,3274,84,0.01,0.002,5739,57
33.39155340194702,32909,2337,2400,3281,63,0.01,0.002,5719,57
33.50205945968628,33019,2311,2400,3289,89,0.01,0.002,5747,57
33.61217999458313,33129,2323,2400,3297,77,0.01,0.002,5737,57
33.72219228744507,33239,2317,2400,3305,83,0.01,0.002,5744,57
33.83133840560913,33349,2316,2400,3314,84,0.01,0.002,5747,57
33.941336154937744,33459,2340,2400,3320,60,0.01,0.002,5724,57
34.051334619522095,33569,2310,2400,3329,90,0.01,0.002,5756,58
34.16233229637146,33679,2325,2400,3336,75,0.01,0.002,5742,57
34.27233028411865,33789,2318,2400,3345,82,0.01,0.002,5751,58
34.382328271865845,33899,2320,2400,3353,80,0.01,0.002,5751,58
34.49232625961304,34009,2321,2400,3360,79,0.01,0.002,5751,58
34.60232424736023,34119,2321,2400,3368,79,0.01,0.002,5753,58
34.71232199668884,34229,2322,2400,3376,78,0.01,0.002,5753,58
34.822587728500366,34339,2340,2400,3382,60,0.01,0.002,5737,57
34.932653188705444,34449,2319,2400,3390,81,0.01,0.002,5759,58
35.04265117645264,34559,2344,2400,3396,56,0.01,0.002,5735,57
35.15273880958557,34669,2318,2400,3404,82,0.01,0.002,5763,58
35.26224231719971,34779,2344,2400,3410,56,0.01,0.002,5738,57
35.37228274345398,34889,2337,2400,3416,63,0.01,0.002,5746,57
35.48228096961975,34999,2321,2400,3424,79,0.01,0.002,5764,58
35.59237790107727,35109,2326,2400,3431,74,0.01,0.002,5760,58
35.70237588882446,35219,2344,2400,3437,56,0.01,0.002,5743,57
35.81240773200989,35329,2318,2400,3445,82,0.01,0.002,5771,58
35.9224054813385,35439,2349,2400,3450,51,0.01,0.002,5741,57
36.032395362854004,35549,2318,2400,3458,82,0.01,0.002,5774,58
36.142905950546265,35659,2348,2400,3464,52,0.01,0.002,5745,57
36.252904176712036,35769,2337,2400,3470,63,0.01,0.002,5757,58
36.36290192604065,35879,2326,2400,3477,74,0.01,0.002,5770,58
36.47272062301636,35989,2330,2400,3484,70,0.01,0.002,5767,58
36.58328461647034,36099,2348,2400,3489,52,0.01,0.002,5750,58
36.6932954788208,36209,2341,2400,3495,59,0.01,0.002,5758,58
36.80329394340515,36319,2324,2400,3503,76,0.01,0.002,5777,58
36.913291454315186,36429,2352,2400,3508,48,0.01,0.002,5750,57
37.023186922073364,36539,2322,2400,3516,78,0.01,0.002,5781,58
37.133185625076294,36649,2334,2400,3522,66,0.01,0.002,5771,58
37.24322199821472,36759,2349,2400,3527,51,0.01,0.002,5757,58
37.353222608566284,36869,2327,2400,3535,73,0.01,0.002,5780,58
37.46321749687195,36979,2333,2400,3541,67,0.01,0.002,5775,58
37.57321572303772,37089,2354,2400,3546,46,0.01,0.002,5755,58
37.68331718444824,37199,2344,2400,3551,56,0.01,0.002,5766,58
37.793315172195435,37309,2331,2400,3558,69,0.01,0.002,5781,58
37.90333962440491,37419,2332,2400,3565,68,0.01,0.002,5781,58
38.013564348220825,37529,2352,2400,3570,48,0.01,0.002,5762,58
38.1237907409668,37639,2326,2400,3577,74,0.01,0.002,5790,58
38.23335599899292,37749,2340,2400,3583,60,0.01,0.002,5777,58
38.343392848968506,37859,2333,2400,3590,67,0.01,0.002,5785,58
38.45339107513428,37969,2337,2400,3596,63,0.01,0.002,5782,58
38.56345725059509,38079,2333,2400,3603,67,0.01,0.002,5788,58
38.673455238342285,38189,2336,2400,3609,64,0.01,0.002,5786,58
38.78357696533203,38299,2356,2400,3614,44,0.01,0.002,5767,58
38.893574953079224,38409,2349,2400,3619,51,0.01,0.002,5775,58
39.003599643707275,38519,2329,2400,3626,71,0.01,0.002,5796,58
39.11359524726868,38629,2343,2400,3632,57,0.01,0.002,5783,58
39.223594427108765,38739,2336,2400,3638,64,0.01,0.002,5792,58
39.33363223075867,38849,2355,2400,3643,45,0.01,0.002,5774,58
39.44363021850586,38959,2346,2400,3648,54,0.01,0.002,5784,58
39.55362820625305,39069,2333,2400,3655,67,0.01,0.002,5798,58
39.66389322280884,39179,2342,2400,3661,58,0.01,0.002,5790,58
39.77423715591431,39289,2356,2400,3665,44,0.01,0.002,5777,58
39.884235858917236,39399,2333,2400,3672,67,0.01,0.002,5801,58
39.99423408508301,39509,2340,2400,3678,60,0.01,0.002,5796,58
40.104231119155884,39619,2343,2400,3683,57,0.01,0.002,5794,58
40.2142288684845,39729,2339,2400,3689,61,0.01,0.002,5799,58
40.32422709465027,39839,2343,2400,3695,57,0.01,0.002,5796,58
40.43426203727722,39949,2342,2400,3701,58,0.01,0.002,5798,58
40.544299602508545,40059,2341,2400,3707,59,0.01,0.002,5800,58
40.654297828674316,40169,2361,2400,3711,39,0.01,0.002,5781,58
40.76429581642151,40279,2334,2400,3717,66,0.01,0.002,5810,58
40.87429404258728,40389,2345,2400,3723,55,0.01,0.002,5800,58
40.984291553497314,40499,2361,2400,3727,39,0.01,0.002,5784,58
41.094292402267456,40609,2334,2400,3733,66,0.01,0.002,5813,58
41.20431089401245,40719,2346,2400,3739,54,0.01,0.002,5802,58
41.31453251838684,40829,2361,2400,3743,39,0.01,0.002,5788,58
41.4249062538147,40939,2337,2400,3749,63,0.01,0.002,5813,58
41.53490400314331,41049,2345,2400,3754,55,0.01,0.002,5806,58
41.64492654800415,41159,2364,2400,3758,36,0.01,0.002,5788,58
41.75492334365845,41269,2358,2400,3762,42,0.01,0.002,5795,58
41.86492133140564,41379,2337,2400,3769,63,0.01,0.002,5817,58
41.974955558776855,41489,2347,2400,3774,53,0.01,0.002,5808,58
42.08495283126831,41599,2346,2400,3779,54,0.01,0.002,5810,58
42.194950103759766,41709,2346,2400,3785,54,0.01,0.002,5811,58
42.30498194694519,41819,2346,2400,3790,54,0.01,0.002,5812,58
42.414979696273804,41929,2365,2400,3794,35,0.01,0.002,5794,58
42.524977684020996,42039,2338,2400,3800,62,0.01,0.002,5822,58
42.6349937915802,42149,2349,2400,3805,51,0.01,0.002,5812,58
42.74499177932739,42259,2365,2400,3808,35,0.01,0.002,5797,58
42.854989767074585,42369,2340,2400,3814,60,0.01,0.002,5823,58
42.96531343460083,42479,2350,2400,3819,50,0.01,0.002,5814,58
43.074825048446655,42589,2364,2400,3823,36,0.01,0.002,5801,58
43.18582344055176,42699,2341,2400,3829,59,0.01,0.002,5825,58
43.29582095146179,42809,2350,2400,3834,50,0.01,0.002,5817,58
43.40532898902893,42919,2367,2400,3837,33,0.01,0.002,5801,58
43.51532697677612,43029,2361,2400,3841,39,0.01,0.002,5807,58
43.625324964523315,43139,2345,2400,3847,55,0.01,0.002,5824,58
43.73532295227051,43249,2368,2400,3850,32,0.01,0.002,5802,58
43.8453209400177,43359,2340,2400,3856,60,0.01,0.002,5831,58
43.95531892776489,43469,2372,2400,3859,28,0.01,0.002,5800,58
44.065319299697876,43579,2343,2400,3864,57,0.01,0.002,5830,58
44.17533206939697,43689,2352,2400,3869,48,0.01,0.002,5822,58
44.285378217697144,43799,2369,2400,3872,31,0.01,0.002,5806,58
44.395376205444336,43909,2365,2400,3876,35,0.01,0.002,5810,58
44.50565242767334,44019,2344,2400,3881,56,0.01,0.002,5832,58
44.61649179458618,44129,2371,2400,3884,29,0.01,0.002,5806,58
44.726014137268066,44239,2364,2400,3888,36,0.01,0.002,5814,58
44.83548092842102,44349,2346,2400,3893,54,0.01,0.002,5833,58
44.94605374336243,44459,2354,2400,3898,46,0.01,0.002,5826,58
45.055925369262695,44569,2370,2400,3901,30,0.01,0.002,5810,58
45.16592311859131,44679,2345,2400,3906,55,0.01,0.002,5836,58
45.2759211063385,44789,2357,2400,3911,43,0.01,0.002,5825,58
45.38597369194031,44899,2353,2400,3915,47,0.01,0.002,5830,58
45.49597191810608,45009,2352,2400,3920,48,0.01,0.002,5832,58
45.605984687805176,45119,2353,2400,3925,47,0.01,0.002,5832,58
45.71598267555237,45229,2354,2400,3929,46,0.01,0.002,5832,58
45.82620668411255,45339,2353,2400,3934,47,0.01,0.002,5834,58
45.93620467185974,45449,2372,2400,3937,28,0.01,0.002,5815,58
46.04623222351074,45559,2348,2400,3942,52,0.01,0.002,5841,58
46.15686321258545,45669,2358,2400,3946,42,0.01,0.002,5831,58
46.26621413230896,45779,2372,2400,3949,28,0.01,0.002,5818,58
46.37625432014465,45889,2349,2400,3954,51,0.01,0.002,5842,58
46.487252712249756,45999,2356,2400,3959,44,0.01,0.002,5836,58
46.59724998474121,46109,2376,2400,3961,24,0.01,0.002,5816,58
46.707247734069824,46219,2366,2400,3964,34,0.01,0.002,5827,58
46.81681513786316,46329,2354,2400,3969,46,0.01,0.002,5840,58
46.92681312561035,46439,2357,2400,3973,43,0.01,0.002,5838,58
47.036813497543335,46549,2355,2400,3978,45,0.01,0.002,5841,58
47.14682364463806,46659,2359,2400,3982,41,0.01,0.002,5837,58
47.256892919540405,46769,2358,2400,3986,42,0.01,0.002,5839,58
47.366923093795776,46879,2373,2400,3989,27,0.01,0.002,5825,58
47.47692084312439,46989,2351,2400,3994,49,0.01,0.002,5848,58
47.586918592453,47099,2362,2400,3997,38,0.01,0.002,5838,58
47.696916580200195,47209,2376,2400,4000,24,0.01,0.002,5824,58
47.80767583847046,47319,2351,2400,4005,49,0.01,0.002,5850,59
47.91703963279724,47429,2362,2400,4009,38,0.01,0.002,5840,58
48.02738833427429,47539,2373,2400,4011,27,0.01,0.002,5829,58
48.13738560676575,47649,2354,2400,4016,46,0.01,0.002,5849,58
48.24738359451294,47759,2362,2400,4020,38,0.01,0.002,5842,58
48.357890129089355,47869,2376,2400,4022,24,0.01,0.002,5829,58
48.46788835525513,47979,2373,2400,4025,27,0.01,0.002,5832,58
48.57748889923096,48089,2354,2400,4029,46,0.01,0.002,5852,59
48.687488079071045,48199,2360,2400,4033,40,0.01,0.002,5847,58
48.79751133918762,48309,2362,2400,4037,38,0.01,0.002,5846,58
48.907509088516235,48419,2361,2400,4041,39,0.01,0.002,5847,58
49.01750707626343,48529,2362,2400,4045,38,0.01,0.002,5847,58
49.12793850898743,48639,2380,2400,4047,20,0.01,0.002,5829,58
49.23793578147888,48749,2355,2400,4051,45,0.01,0.002,5855,59
49.34796905517578,48859,2366,2400,4055,34,0.01,0.002,5845,58
49.45811653137207,48969,2380,2400,4057,20,0.01,0.002,5831,58
49.568278551101685,49079,2354,2400,4061,46,0.01,0.002,5858,59
49.6782763004303,49189,2366,2400,4065,34,0.01,0.002,5847,58
49.78827404975891,49299,2381,2400,4067,19,0.01,0.002,5832,58
49.898292779922485,49409,2350,2400,4072,50,0.01,0.002,5864,59
50.00779891014099,49519,2365,2400,4075,35,0.01,0.002,5850,59
50.118345737457275,49629,2380,2400,4077,20,0.01,0.002,5836,58
50.22834348678589,49739,2376,2400,4080,24,0.01,0.002,5840,58
50.33837532997131,49849,2357,2400,4084,43,0.01,0.002,5860,59
50.448373317718506,49959,2365,2400,4087,35,0.01,0.002,5853,59
50.558372497558594,50069,2362,2400,4091,38,0.01,0.002,5856,59
50.6684193611145,50179,2365,2400,4095,35,0.01,0.002,5854,59
50.77841639518738,50289,2362,2400,4098,38,0.01,0.002,5858,59
50.88892459869385,50399,2383,2400,4100,17,0.01,0.002,5837,58
50.9987587928772,50509,2356,2400,4105,44,0.01,0.002,5865,59
51.109169483184814,50619,2388,2400,4106,12,0.01,0.002,5833,58
51.219167709350586,50729,2354,2400,4110,46,0.01,0.002,5868,59
51.3291654586792,50839,2388,2400,4112,12,0.01,0.002,5834,58
51.43916368484497,50949,2372,2400,4114,28,0.01,0.002,5851,59
51.549209117889404,51059,2359,2400,4118,41,0.01,0.002,5865,59
51.658206939697266,51169,2364,2400,4122,36,0.01,0.002,5861,59
51.76920485496521,51279,2384,2400,4124,16,0.01,0.002,5841,58
51.87926197052002,51389,2376,2400,4126,24,0.01,0.002,5849,58
51.98925971984863,51499,2381,2400,4128,19,0.01,0.002,5845,58
52.099257707595825,51609,2360,2400,4132,40,0.01,0.002,5867,59
52.20905947685242,51719,2388,2400,4133,12,0.01,0.002,5839,58
52.318947553634644,51829,2380,2400,4135,20,0.01,0.002,5847,58
52.429027795791626,51939,2360,2400,4139,40,0.01,0.002,5868,59
52.53902554512024,52049,2367,2400,4142,33,0.01,0.002,5862,59
52.64880394935608,52159,2384,2400,4144,16,0.01,0.002,5845,58
52.75914239883423,52269,2360,2400,4148,40,0.01,0.002,5870,59
52.869202852249146,52379,2367,2400,4151,33,0.01,0.002,5863,59
52.97874188423157,52489,2364,2400,4155,36,0.01,0.002,5867,59
53.08878517150879,52599,2370,2400,4158,30,0.01,0.002,5862,59
53.1987841129303,52709,2387,2400,4159,13,0.01,0.002,5845,58
53.30978202819824,52819,2357,2400,4164,43,0.01,0.002,5876,59
53.41928768157959,52929,2373,2400,4166,27,0.01,0.002,5860,59
53.529285192489624,53039,2366,2400,4170,34,0.01,0.002,5868,59
53.63945031166077,53149,2371,2400,4173,29,0.01,0.002,5864,59
53.74944829940796,53259,2366,2400,4176,34,0.01,0.002,5869,59
53.85947799682617,53369,2371,2400,4179,29,0.01,0.002,5865,59
53.969475746154785,53479,2368,2400,4182,32,0.01,0.002,5869,59
54.07950234413147,53589,2387,2400,4183,13,0.01,0.002,5850,58
54.18949866294861,53699,2360,2400,4187,40,0.01,0.002,5878,59
54.299665451049805,53809,2374,2400,4190,26,0.01,0.002,5864,59
54.41011953353882,53919,2366,2400,4193,34,0.01,0.002,5873,59
54.520172119140625,54029,2371,2400,4196,29,0.01,0.002,5868,59
54.62963795661926,54139,2370,2400,4199,30,0.01,0.002,5870,59
54.73963713645935,54249,2370,2400,4202,30,0.01,0.002,5871,59
54.84968042373657,54359,2371,2400,4205,29,0.01,0.002,5870,59
54.960217237472534,54469,2388,2400,4206,12,0.01,0.002,5853,59
55.07026124000549,54579,2362,2400,4210,38,0.01,0.002,5880,59
55.18025875091553,54689,2373,2400,4213,27,0.01,0.002,5870,59
55.2902569770813,54799,2388,2400,4214,12,0.01,0.002,5855,59
55.4003643989563,54909,2362,2400,4218,38,0.01,0.002,5882,59
55.51036238670349,55019,2391,2400,4219,9,0.01,0.002,5853,59
55.618868827819824,55128,2361,2400,4223,39,0.01,0.002,5884,59
55.72986650466919,55238,2392,2400,4223,8,0.01,0.002,5853,59
55.83863425254822,55347,2363,2400,4227,37,0.01,0.002,5883,59
55.94797134399414,55457,2374,2400,4230,26,0.01,0.002,5872,59
56.05902433395386,55567,2369,2400,4233,31,0.01,0.002,5878,59
56.16802144050598,55677,2394,2400,4233,6,0.01,0.002,5853,59
56.278019428253174,55786,2362,2400,4237,38,0.01,0.002,5886,59
56.388017416000366,55896,2378,2400,4239,22,0.01,0.002,5870,59
56.49801564216614,56006,2389,2400,4241,11,0.01,0.002,5859,59
56.60801386833191,56116,2366,2400,4244,34,0.01,0.002,5883,59
56.71817660331726,56226,2373,2400,4247,27,0.01,0.002,5876,59
56.82770776748657,56336,2392,2400,4247,8,0.01,0.002,5858,59
56.93674087524414,56445,2366,2400,4251,34,0.01,0.002,5884,59
57.04674005508423,56555,2375,2400,4253,25,0.01,0.002,5876,59
57.15673637390137,56665,2375,2400,4256,25,0.01,0.002,5876,59
57.26673483848572,56775,2393,2400,4257,7,0.01,0.002,5858,59
57.37575721740723,56884,2366,2400,4260,34,0.01,0.002,5886,59
57.48598837852478,56994,2399,2400,4260,1,0.01,0.002,5853,59
57.59584379196167,57103,2360,2400,4264,40,0.01,0.002,5893,59
57.70584177970886,57213,2378,2400,4266,22,0.01,0.002,5875,59
57.81491661071777,57323,2373,2400,4269,27,0.01,0.002,5881,59
57.925220251083374,57433,2375,2400,4271,25,0.01,0.002,5879,59
58.035362243652344,57543,2373,2400,4274,27,0.01,0.002,5882,59
58.145360231399536,57653,2375,2400,4277,25,0.01,0.002,5880,59
58.25535821914673,57763,2374,2400,4279,26,0.01,0.002,5882,59
58.36535692214966,57873,2375,2400,4282,25,0.01,0.002,5881,59
58.475356101989746,57983,2375,2400,4284,25,0.01,0.002,5882,59
58.58586120605469,58093,2391,2400,4285,9,0.01,0.002,5866,59
58.695189237594604,58202,2370,2400,4288,30,0.01,0.002,5888,59
58.805187463760376,58312,2378,2400,4290,22,0.01,0.002,5880,59
58.91520547866821,58422,2393,2400,4291,7,0.01,0.002,5865,59
59.02403545379639,58531,2368,2400,4294,32,0.01,0.002,5891,59
59.13424587249756,58641,2396,2400,4295,4,0.01,0.002,5863,59
59.24275851249695,58750,2366,2400,4298,34,0.01,0.002,5894,59
59.35275673866272,58860,2397,2400,4298,3,0.01,0.002,5863,59
59.46186923980713,58969,2365,2400,4302,35,0.01,0.002,5895,59
59.57186722755432,59079,2382,2400,4304,18,0.01,0.002,5879,59
59.68237662315369,59189,2374,2400,4306,26,0.01,0.002,5887,59
59.79237508773804,59299,2395,2400,4307,5,0.01,0.002,5866,59
59.901477336883545,59408,2371,2400,4310,29,0.01,0.002,5891,59
60.01142191886902,59518,2379,2400,4312,21,0.01,0.002,5883,59
60.121418714523315,59628,2392,2400,4313,8,0.01,0.002,5871,59
60.2304162979126,59737,2370,2400,4316,30,0.01,0.002,5893,59
60.34008979797363,59847,2377,2400,4318,23,0.01,0.002,5887,59
60.45109963417053,59957,2378,2400,4320,22,0.01,0.002,5886,59
60.56009650230408,60067,2396,2400,4320,4,0.01,0.002,5868,59
60.669315814971924,60176,2367,2400,4324,33,0.01,0.002,5898,59
60.77972912788391,60286,2382,2400,4326,18,0.01,0.002,5883,59
60.890000104904175,60396,2372,2400,4328,28,0.01,0.002,5894,59
61.00006365776062,60506,2396,2400,4329,4,0.01,0.002,5870,59
61.10910630226135,60615,2368,2400,4332,32,0.01,0.002,5898,59
61.21910548210144,60725,2400,2400,4332,0,0.01,0.002,5866,59
61.3281466960907,60834,2389,2400,4333,11,0.01,0.002,5878,59
61.43814468383789,60944,2373,2400,4336,27,0.01,0.002,5894,59
61.54820680618286,61054,2379,2400,4338,21,0.01,0.002,5889,59
61.65820503234863,61164,2377,2400,4340,23,0.01,0.002,5891,59
61.76820397377014,61274,2379,2400,4342,21,0.01,0.002,5890,59
61.87822461128235,61384,2376,2400,4345,24,0.01,0.002,5893,59
61.98780655860901,61494,2377,2400,4347,23,0.01,0.002,5892,59
62.098803758621216,61604,2378,2400,4349,22,0.01,0.002,5892,59
62.2078971862793,61714,2396,2400,4350,4,0.01,0.002,5874,59
62.31714653968811,61823,2370,2400,4353,30,0.01,0.002,5901,59
62.42756366729736,61933,2381,2400,4354,19,0.01,0.002,5890,59
62.53756141662598,62043,2397,2400,4355,3,0.01,0.002,5874,59
62.646559715270996,62152,2371,2400,4358,29,0.01,0.002,5901,59
62.75702691078186,62262,2380,2400,4360,20,0.01,0.002,5892,59
62.86705708503723,62372,2376,2400,4362,24,0.01,0.002,5897,59
62.97675895690918,62482,2379,2400,4364,21,0.01,0.002,5894,59
63.08675813674927,62592,2375,2400,4367,25,0.01,0.002,5898,59
63.19675350189209,62702,2382,2400,4368,18,0.01,0.002,5892,59
63.30675172805786,62812,2377,2400,4371,23,0.01,0.002,5897,59
63.41679668426514,62922,2400,2400,4371,0,0.01,0.002,5874,59
63.52585458755493,63031,2389,2400,4372,11,0.01,0.002,5885,59
63.63583779335022,63141,2376,2400,4374,24,0.01,0.002,5899,59
63.74583601951599,63251,2403,2400,4374,-3,0.01,0.002,5872,59
63.855833768844604,63361,2369,2400,4377,31,0.01,0.002,5907,59
63.966673851013184,63471,2386,2400,4378,14,0.01,0.002,5890,59
64.07603335380554,63581,2377,2400,4381,23,0.01,0.002,5899,59
64.18603134155273,63691,2381,2400,4383,19,0.01,0.002,5896,59
64.29602885246277,63801,2401,2400,4383,-1,0.01,0.002,5876,59
64.4060275554657,63911,2389,2400,4384,11,0.01,0.002,5888,59
64.51602530479431,64021,2397,2400,4384,3,0.01,0.002,5880,59
64.62502312660217,64130,2371,2400,4387,29,0.01,0.002,5906,59
64.73502135276794,64240,2403,2400,4387,-3,0.01,0.002,5874,59
64.84602308273315,64350,2369,2400,4390,31,0.01,0.002,5909,59
64.9558641910553,64460,2404,2400,4389,-4,0.01,0.002,5874,59
65.06586217880249,64570,2386,2400,4391,14,0.01,0.002,5892,59
65.17589616775513,64680,2396,2400,4391,4,0.01,0.002,5882,59
65.28489422798157,64789,2372,2400,4394,28,0.01,0.002,5907,59
65.39440035820007,64899,2386,2400,4395,14,0.01,0.002,5893,59
65.50439882278442,65009,2395,2400,4396,5,0.01,0.002,5884,59
65.61359333992004,65118,2374,2400,4398,26,0.01,0.002,5906,59
65.72410225868225,65228,2385,2400,4400,15,0.01,0.002,5895,59
65.83410024642944,65338,2400,2400,4400,0,0.01,0.002,5880,59
65.94318675994873,65447,2392,2400,4401,8,0.01,0.002,5888,59
66.05233263969421,65556,2378,2400,4403,22,0.01,0.002,5903,59
66.16191053390503,65666,2399,2400,4403,1,0.01,0.002,5882,59
66.27090859413147,65775,2392,2400,4404,8,0.01,0.002,5889,59
66.37992238998413,65884,2375,2400,4406,25,0.01,0.002,5906,59
66.49042701721191,65994,2387,2400,4408,13,0.01,0.002,5895,59
66.60042786598206,66104,2377,2400,4410,23,0.01,0.002,5905,59
66.71046686172485,66214,2385,2400,4411,15,0.01,0.002,5897,59
66.82046508789062,66324,2381,2400,4413,19,0.01,0.002,5902,59
66.93046259880066,66434,2381,2400,4415,19,0.01,0.002,5902,59
67.04046106338501,66544,2399,2400,4415,1,0.01,0.002,5884,59
67.14967846870422,66653,2373,2400,4418,27,0.01,0.002,5911,59
67.25997853279114,66763,2385,2400,4419,15,0.01,0.002,5899,59
67.3691029548645,66873,2400,2400,4419,0,0.01,0.002,5884,59
67.4791009426117,66982,2392,2400,4420,8,0.01,0.002,5892,59
67.58809876441956,67091,2378,2400,4422,22,0.01,0.002,5907,59
67.69812035560608,67201,2403,2400,4422,-3,0.01,0.002,5882,59
67.80813813209534,67311,2393,2400,4423,7,0.01,0.002,5892,59
67.91668391227722,67420,2377,2400,4425,23,0.01,0.002,5908,59
68.026682138443,67530,2404,2400,4425,-4,0.01,0.002,5881,59
68.13668012619019,67640,2392,2400,4426,8,0.01,0.002,5893,59
68.24566078186035,67749,2378,2400,4428,22,0.01,0.002,5908,59
68.35565876960754,67859,2385,2400,4429,15,0.01,0.002,5901,59
68.46577835083008,67969,2381,2400,4431,19,0.01,0.002,5905,59
68.57577633857727,68079,2402,2400,4431,-2,0.01,0.002,5884,59
68.68582916259766,68189,2394,2400,4432,6,0.01,0.002,5892,59
68.79514980316162,68298,2379,2400,4434,21,0.01,0.002,5908,59
68.9055347442627,68408,2385,2400,4435,15,0.01,0.002,5902,59
69.01553392410278,68518,2401,2400,4435,-1,0.01,0.002,5886,59
69.1255304813385,68628,2395,2400,4436,5,0.01,0.002,5892,59
69.23452854156494,68737,2379,2400,4438,21,0.01,0.002,5909,59
69.3450722694397,68847,2404,2400,4437,-4,0.01,0.002,5884,59
69.45457816123962,68957,2393,2400,4438,7,0.01,0.002,5895,59
69.5635757446289,69066,2377,2400,4440,23,0.01,0.002,5911,59
69.67357349395752,69176,2404,2400,4440,-4,0.01,0.002,5884,59
69.78357172012329,69286,2392,2400,4441,8,0.01,0.002,5896,59
69.89256954193115,69395,2382,2400,4442,18,0.01,0.002,5907,59
70.00256752967834,69505,2386,2400,4444,14,0.01,0.002,5903,59
70.11256551742554,69615,2400,2400,4444,0,0.01,0.002,5889,59
70.22199010848999,69724,2396,2400,4444,4,0.01,0.002,5893,59
70.33098793029785,69833,2378,2400,4446,22,0.01,0.002,5911,59
70.44118666648865,69943,2404,2400,4446,-4,0.01,0.002,5885,59
70.55133700370789,70053,2396,2400,4446,4,0.01,0.002,5893,59
70.66033673286438,70162,2378,2400,4449,22,0.01,0.002,5912,59
70.77037072181702,70272,2403,2400,4448,-3,0.01,0.002,5887,59
70.87995433807373,70382,2378,2400,4451,22,0.01,0.002,5912,59
70.9901921749115,70492,2384,2400,4452,16,0.01,0.002,5907,59
71.10040998458862,70602,2385,2400,4454,15,0.01,0.002,5906,59
71.2104082107544,70712,2385,2400,4455,15,0.01,0.002,5906,59
71.32040596008301,70822,2403,2400,4455,-3,0.01,0.002,5888,59
71.4304039478302,70932,2396,2400,4455,4,0.01,0.002,5895,59
71.53940200805664,71041,2380,2400,4457,20,0.01,0.002,5912,59
71.6494460105896,71151,2404,2400,4457,-4,0.01,0.002,5887,59
71.75951814651489,71261,2393,2400,4458,7,0.01,0.002,5899,59
71.86851525306702,71370,2382,2400,4459,18,0.01,0.002,5910,59
71.97867727279663,71480,2386,2400,4461,14,0.01,0.002,5906,59
72.08855438232422,71590,2404,2400,4460,-4,0.01,0.002,5888,59
72.19869494438171,71700,2397,2400,4461,3,0.01,0.002,5895,59
72.30774116516113,71809,2382,2400,4462,18,0.01,0.002,5911,59
72.41773891448975,71919,2386,2400,4464,14,0.01,0.002,5907,59
72.52853274345398,72029,2404,2400,4463,-4,0.01,0.002,5889,59
72.63753080368042,72139,2396,2400,4464,4,0.01,0.002,5897,59
72.74752902984619,72248,2382,2400,4466,18,0.01,0.002,5911,59
72.85706877708435,72358,2403,2400,4465,-3,0.01,0.002,5890,59
72.96706652641296,72468,2378,2400,4468,22,0.01,0.002,5916,59
73.0771050453186,72578,2390,2400,4469,10,0.01,0.002,5904,59
73.18710279464722,72688,2383,2400,4470,17,0.01,0.002,5911,59
73.29710102081299,72798,2385,2400,4472,15,0.01,0.002,5909,59
73.4070987701416,72908,2385,2400,4473,15,0.01,0.002,5910,59
73.51713037490845,73018,2384,2400,4475,16,0.01,0.002,5911,59
73.62721180915833,73128,2404,2400,4474,-4,0.01,0.002,5891,59
73.73798871040344,73238,2395,2400,4475,5,0.01,0.002,5900,59
73.84679651260376,73347,2380,2400,4477,20,0.01,0.002,5915,59
73.95679426193237,73457,2390,2400,4478,10,0.01,0.002,5906,59
74.06684827804565,73567,2404,2400,4478,-4,0.01,0.002,5892,59
74.17684602737427,73677,2397,2400,4478,3,0.01,0.002,5899,59
74.28584408760071,73786,2380,2400,4480,20,0.01,0.002,5916,59
74.3958420753479,73896,2390,2400,4481,10,0.01,0.002,5906,59
74.50560116767883,74006,2406,2400,4480,-6,0.01,0.002,5890,59
74.61559891700745,74116,2377,2400,4483,23,0.01,0.002,5920,59
74.72559690475464,74226,2388,2400,4484,12,0.01,0.002,5909,59
74.83559489250183,74336,2386,2400,4485,14,0.01,0.002,5911,59
74.94616651535034,74446,2404,2400,4485,-4,0.01,0.002,5893,59
75.05618929862976,74556,2396,2400,4485,4,0.01,0.002,5901,59
75.16518688201904,74665,2381,2400,4487,19,0.01,0.002,5917,59
75.27542066574097,74775,2408,2400,4486,-8,0.01,0.002,5889,59
75.38479089736938,74885,2396,2400,4487,4,0.01,0.002,5901,59
75.49479031562805,74994,2379,2400,4489,21,0.01,0.002,5919,59
75.60478663444519,75104,2389,2400,4490,11,0.01,0.002,5909,59
75.71478509902954,75214,2384,2400,4491,16,0.01,0.002,5914,59
75.82492971420288,75324,2405,2400,4491,-5,0.01,0.002,5893,59
75.93392705917358,75434,2395,2400,4491,5,0.01,0.002,5903,59
76.04347085952759,75543,2382,2400,4493,18,0.01,0.002,5917,59
76.1534686088562,75653,2410,2400,4492,-10,0.01,0.002,5889,59
76.26350975036621,75763,2377,2400,4495,23,0.01,0.002,5922,59
76.37350726127625,75873,2408,2400,4494,-8,0.01,0.002,5891,59
76.48350524902344,75983,2376,2400,4496,24,0.01,0.002,5923,59
76.59351444244385,76093,2409,2400,4495,-9,0.01,0.002,5890,59
76.70352578163147,76203,2377,2400,4498,23,0.01,0.002,5923,59
76.81352353096008,76313,2390,2400,4499,10,0.01,0.002,5910,59
76.92373514175415,76423,2386,2400,4500,14,0.01,0.002,5914,59
77.03420925140381,76533,2404,2400,4500,-4,0.01,0.002,5896,59
77.14398097991943,76643,2401,2400,4499,-1,0.01,0.002,5899,59
77.25402665138245,76753,2400,2400,4499,0,0.01,0.002,5900,59
77.36308097839355,76862,2400,2400,4499,0,0.01,0.002,5900,59
77.47207880020142,76971,2400,2400,4499,0,0.01,0.002,5900,59
77.5810067653656,77080,2401,2400,4499,-1,0.01,0.002,5899,59
77.69088530540466,77190,2381,2400,4501,19,0.01,0.002,5919,59
77.8009033203125,77300,2388,2400,4502,12,0.01,0.002,5913,59
77.9109001159668,77410,2385,2400,4504,15,0.01,0.002,5916,59
78.02092409133911,77520,2389,2400,4505,11,0.01,0.002,5912,59
78.13192176818848,77630,2384,2400,4507,16,0.01,0.002,5917,59
78.24093294143677,77740,2408,2400,4506,-8,0.01,0.002,5893,59
78.35093879699707,77850,2377,2400,4508,23,0.01,0.002,5925,59
78.46144461631775,77960,2389,2400,4509,11,0.01,0.002,5913,59
78.57201933860779,78070,2404,2400,4509,-4,0.01,0.002,5898,59
78.68147301673889,78180,2400,2400,4509,0,0.01,0.002,5902,59
78.79069089889526,78289,2401,2400,4509,-1,0.01,0.002,5901,59
78.90068864822388,78399,2400,2400,4509,0,0.01,0.002,5902,59
79.00973892211914,78508,2401,2400,4509,-1,0.01,0.002,5901,59
79.11973667144775,78618,2380,2400,4511,20,0.01,0.002,5922,59
79.22973465919495,78728,2389,2400,4512,11,0.01,0.002,5913,59
79.33973288536072,78838,2384,2400,4513,16,0.01,0.002,5919,59
79.45008778572083,78948,2389,2400,4514,11,0.01,0.002,5914,59
79.5600860118866,79058,2403,2400,4514,-3,0.01,0.002,5900,59
79.67050170898438,79168,2382,2400,4516,18,0.01,0.002,5921,59
79.77950024604797,79278,2409,2400,4515,-9,0.01,0.002,5894,59
79.89056324958801,79388,2397,2400,4515,3,0.01,0.002,5906,59
79.99956202507019,79497,2384,2400,4517,16,0.01,0.002,5919,59
80.10883402824402,79607,2408,2400,4516,-8,0.01,0.002,5895,59
80.21918177604675,79717,2401,2400,4516,-1,0.01,0.002,5902,59
80.32922101020813,79827,2401,2400,4516,-1,0.01,0.002,5902,59
80.4392192363739,79937,2400,2400,4516,0,0.01,0.002,5903,59
80.54821705818176,80046,2400,2400,4516,0,0.01,0.002,5903,59
80.65721487998962,80155,2401,2400,4516,-1,0.01,0.002,5902,59
80.76727962493896,80265,2380,2400,4518,20,0.01,0.002,5924,59
80.87727737426758,80375,2391,2400,4519,9,0.01,0.002,5913,59
80.98631691932678,80484,2406,2400,4518,-6,0.01,0.002,5898,59
81.09631538391113,80594,2401,2400,4518,-1,0.01,0.002,5903,59
81.20633625984192,80704,2400,2400,4518,0,0.01,0.002,5904,59
81.3153338432312,80813,2381,2400,4520,19,0.01,0.002,5923,59
81.42533135414124,80923,2410,2400,4519,-10,0.01,0.002,5894,59
81.53584289550781,81033,2397,2400,4519,3,0.01,0.002,5907,59
81.64483714103699,81142,2384,2400,4521,16,0.01,0.002,5920,59
81.75514388084412,81252,2408,2400,4520,-8,0.01,0.002,5896,59
81.86466383934021,81362,2401,2400,4520,-1,0.01,0.002,5903,59
81.97466158866882,81472,2381,2400,4522,19,0.01,0.002,5923,59
82.08470034599304,81582,2386,2400,4523,14,0.01,0.002,5919,59
82.19469809532166,81692,2411,2400,4522,-11,0.01,0.002,5894,59
82.30482268333435,81802,2398,2400,4522,2,0.01,0.002,5907,59
82.41382145881653,81911,2385,2400,4524,15,0.01,0.002,5920,59
82.52381873130798,82021,2388,2400,4525,12,0.01,0.002,5917,59
82.63383197784424,82131,2389,2400,4526,11,0.01,0.002,5916,59
82.74382996559143,82241,2390,2400,4527,10,0.01,0.002,5916,59
82.85433292388916,82351,2391,2400,4528,9,0.01,0.002,5915,59
82.96333074569702,82460,2386,2400,4529,14,0.01,0.002,5920,59
83.07332849502563,82570,2409,2400,4529,-9,0.01,0.002,5897,59
83.18332743644714,82680,2401,2400,4528,-1,0.01,0.002,5905,59
83.29343366622925,82790,2382,2400,4530,18,0.01,0.002,5924,59
83.40371227264404,82900,2408,2400,4529,-8,0.01,0.002,5898,59
83.51306009292603,83010,2401,2400,4529,-1,0.01,0.002,5905,59
83.62305784225464,83120,2381,2400,4531,19,0.01,0.002,5925,59
83.73305583000183,83230,2392,2400,4532,8,0.01,0.002,5915,59
83.84219431877136,83339,2387,2400,4533,13,0.01,0.002,5920,59
83.95226550102234,83449,2408,2400,4533,-8,0.01,0.002,5899,59
84.06226348876953,83559,2400,2400,4533,0,0.01,0.002,5907,59
84.17179918289185,83668,2405,2400,4532,-5,0.01,0.002,5902,59
84.28179788589478,83778,2399,2400,4532,1,0.01,0.002,5908,59
84.39082837104797,83887,2404,2400,4532,-4,0.01,0.002,5902,59
84.5008282661438,83997,2400,2400,4532,0,0.01,0.002,5906,59
84.60982418060303,84106,2402,2400,4532,-2,0.01,0.002,5904,59
84.71988677978516,84216,2381,2400,4533,19,0.01,0.002,5926,59
84.82990884780884,84326,2394,2400,4534,6,0.01,0.002,5913,59
84.93919038772583,84435,2405,2400,4534,-5,0.01,0.002,5902,59
85.0490927696228,84545,2400,2400,4534,0,0.01,0.002,5907,59
85.15852689743042,84654,2402,2400,4533,-2,0.01,0.002,5905,59
85.26857328414917,84764,2382,2400,4535,18,0.01,0.002,5925,59
85.37844586372375,84874,2394,2400,4536,6,0.01,0.002,5913,59
85.48744583129883,84983,2385,2400,4537,15,0.01,0.002,5923,59
85.59755802154541,85093,2392,2400,4538,8,0.01,0.002,5916,59
85.70645093917847,85202,2391,2400,4539,9,0.01,0.002,5917,59
85.81544995307922,85311,2410,2400,4538,-10,0.01,0.002,5898,59
85.92534279823303,85421,2401,2400,4538,-1,0.01,0.002,5907,59
86.03533840179443,85531,2386,2400,4539,14,0.01,0.002,5922,59
86.14533638954163,85641,2411,2400,4538,-11,0.01,0.002,5897,59
86.25568342208862,85751,2401,2400,4538,-1,0.01,0.002,5907,59
86.36499738693237,85861,2403,2400,4538,-3,0.01,0.002,5905,59
86.47599506378174,85971,2401,2400,4538,-1,0.01,0.002,5907,59
86.58528423309326,86081,2404,2400,4537,-4,0.01,0.002,5904,59
86.6957619190216,86191,2401,2400,4537,-1,0.01,0.002,5907,59
86.80529522895813,86301,2387,2400,4538,13,0.01,0.002,5921,59
86.91529321670532,86411,2389,2400,4540,11,0.01,0.002,5919,59
87.02569508552551,86521,2409,2400,4539,-9,0.01,0.002,5899,59
87.1357090473175,86631,2382,2400,4540,18,0.01,0.002,5926,59
87.24570727348328,86741,2393,2400,4541,7,0.01,0.002,5915,59
87.35470533370972,86850,2406,2400,4541,-6,0.01,0.002,5902,59
87.46475720405579,86960,2400,2400,4541,0,0.01,0.002,5908,59
87.5737624168396,87069,2404,2400,4540,-4,0.01,0.002,5904,59
87.68376922607422,87179,2382,2400,4542,18,0.01,0.002,5926,59
87.79376769065857,87289,2394,2400,4543,6,0.01,0.002,5915,59
87.90276527404785,87398,2385,2400,4544,15,0.01,0.002,5924,59
88.01279354095459,87508,2390,2400,4545,10,0.01,0.002,5919,59
88.12279105186462,87618,2407,2400,4544,-7,0.01,0.002,5902,59
88.23296427726746,87728,2401,2400,4544,-1,0.01,0.002,5908,59
88.34330153465271,87838,2402,2400,4544,-2,0.01,0.002,5907,59
88.45332551002502,87948,2404,2400,4544,-4,0.01,0.002,5905,59
88.56334352493286,88058,2379,2400,4546,21,0.01,0.002,5930,59
88.67334127426147,88168,2393,2400,4546,7,0.01,0.002,5916,59
88.78242874145508,88277,2407,2400,4546,-7,0.01,0.002,5902,59
88.89242672920227,88387,2401,2400,4546,-1,0.01,0.002,5908,59
89.00242447853088,88497,2403,2400,4545,-3,0.01,0.002,5906,59
89.1124222278595,88607,2402,2400,4545,-2,0.01,0.002,5907,59
89.22242045402527,88717,2404,2400,4545,-4,0.01,0.002,5905,59
89.33241868019104,88827,2387,2400,4546,13,0.01,0.002,5922,59
89.44249534606934,88937,2408,2400,4545,-8,0.01,0.002,5901,59
89.55249357223511,89047,2400,2400,4545,0,0.01,0.002,5909,59
89.66153883934021,89156,2403,2400,4545,-3,0.01,0.002,5906,59
89.7715368270874,89266,2403,2400,4545,-3,0.01,0.002,5906,59
89.88184118270874,89376,2403,2400,4544,-3,0.01,0.002,5906,59
89.99222159385681,89486,2405,2400,4544,-5,0.01,0.002,5904,59
90.10223627090454,89596,2400,2400,4544,0,0.01,0.002,5909,59
90.21123671531677,89705,2403,2400,4544,-3,0.01,0.002,5906,59
90.32127404212952,89815,2403,2400,4543,-3,0.01,0.002,5906,59
90.43127274513245,89925,2404,2400,4543,-4,0.01,0.002,5905,59
90.54127049446106,90035,2398,2048,4508,-350,0.01,0.002,5552,56
90.6512680053711,90145,2262,2048,4486,-214,0.01,0.002,5683,57
90.76126646995544,90255,2313,2048,4460,-265,0.01,0.002,5627,56
90.87128949165344,90365,2293,2048,4435,-245,0.01,0.002,5642,56
90.9812867641449,90475,2295,2048,4411,-247,0.01,0.002,5635,56
91.09179329872131,90585,2298,2048,4386,-250,0.01,0.002,5627,56
91.20179104804993,90695,2292,2048,4361,-244,0.01,0.002,5628,56
91.31229877471924,90805,2294,2048,4337,-246,0.01,0.002,5621,56
91.42147731781006,90915,2289,2048,4313,-241,0.01,0.002,5622,56
91.53161954879761,91025,2289,2048,4289,-241,0.01,0.002,5617,56
91.64212894439697,91135,2288,2048,4265,-240,0.01,0.002,5613,56
91.75217604637146,91245,2285,2048,4241,-237,0.01,0.002,5611,56
91.86217403411865,91355,2284,2048,4217,-236,0.01,0.002,5608,56
91.97217226028442,91465,2284,2048,4194,-236,0.01,0.002,5603,56
92.08228540420532,91575,2279,2048,4171,-231,0.01,0.002,5603,56
92.19235467910767,91685,2282,2048,4147,-234,0.01,0.002,5596,56
92.30235290527344,91795,2281,2048,4124,-233,0.01,0.002,5592,56
92.41238570213318,91905,2277,2048,4101,-229,0.01,0.002,5591,56
92.52238345146179,92015,2276,2048,4078,-228,0.01,0.002,5588,56
92.63241839408875,92125,2277,2048,4055,-229,0.01,0.002,5582,56
92.74241638183594,92235,2273,2048,4033,-225,0.01,0.002,5582,56
92.85251259803772,92345,2273,2048,4010,-225,0.01,0.002,5577,56
92.96250891685486,92455,2273,2048,3988,-225,0.01,0.002,5573,56
93.07277917861938,92565,2268,2048,3966,-220,0.01,0.002,5573,56
93.18210315704346,92675,2271,2048,3943,-223,0.01,0.002,5566,56
93.29210138320923,92785,2270,2048,3921,-222,0.01,0.002,5562,56
93.40209937095642,92895,2264,2048,3900,-216,0.01,0.002,5564,56
93.5131242275238,93005,2265,2048,3878,-217,0.01,0.002,5559,56
93.623122215271,93115,2266,2048,3856,-218,0.01,0.002,5553,56
93.73314571380615,93225,2260,2048,3835,-212,0.01,0.002,5555,56
93.8431441783905,93335,2266,2048,3813,-218,0.01,0.002,5545,55
93.95314192771912,93445,2258,2048,3792,-210,0.01,0.002,5549,55
94.06313991546631,93555,2261,2048,3771,-213,0.01,0.002,5541,55
94.1731379032135,93665,2259,2048,3750,-211,0.01,0.002,5539,55
94.28313660621643,93775,2259,2048,3729,-211,0.01,0.002,5535,55
94.39313411712646,93885,2255,2048,3708,-207,0.01,0.002,5535,55
94.50263929367065,93995,2253,2048,3687,-205,0.01,0.002,5533,55
94.61314678192139,94105,2254,2048,3667,-206,0.01,0.002,5527,55
94.72339391708374,94215,2255,2048,3646,-207,0.01,0.002,5522,55
94.8327431678772,94325,2248,2048,3626,-200,0.01,0.002,5525,55
94.94338202476501,94435,2254,2048,3606,-206,0.01,0.002,5515,55
95.05337977409363,94545,2249,2048,3585,-201,0.01,0.002,5516,55
95.16348528862,94655,2249,2048,3565,-201,0.01,0.002,5512,55
95.2734842300415,94765,2246,2048,3546,-198,0.01,0.002,5511,55
95.38348126411438,94875,2246,2048,3526,-198,0.01,0.002,5507,55
95.49347925186157,94985,2245,2048,3506,-197,0.01,0.002,5504,55
95.60347747802734,95095,2242,2048,3487,-194,0.01,0.002,5503,55
95.71347522735596,95205,2243,2048,3467,-195,0.01,0.002,5499,55
95.82354521751404,95315,2240,2048,3448,-192,0.01,0.002,5498,55
95.93354320526123,95425,2241,2048,3429,-193,0.01,0.002,5493,55
96.043377161026,95535,2239,2048,3410,-191,0.01,0.002,5491,55
96.15337467193604,95645,2237,2048,3391,-189,0.01,0.002,5489,55
96.26337242126465,95755,2235,2048,3372,-187,0.01,0.002,5487,55
96.37366008758545,95865,2238,2048,3353,-190,0.01,0.002,5481,55
96.48325419425964,95975,2233,2048,3334,-185,0.01,0.002,5482,55
96.59325242042542,96085,2233,2048,3316,-185,0.01,0.002,5478,55
96.70325040817261,96195,2234,2048,3297,-186,0.01,0.002,5474,55
96.81324815750122,96305,2228,2048,3279,-180,0.01,0.002,5476,55
96.92424631118774,96415,2233,2048,3261,-185,0.01,0.002,5467,55
97.03424429893494,96525,2224,2048,3243,-176,0.01,0.002,5473,55
97.14424204826355,96635,2231,2048,3225,-183,0.01,0.002,5462,55
97.25424027442932,96745,2225,2048,3207,-177,0.01,0.002,5465,55
97.36423778533936,96855,2225,2048,3190,-177,0.01,0.002,5461,55
97.47425150871277,96965,2225,2048,3172,-177,0.01,0.002,5457,55
97.58392381668091,97075,2225,2048,3154,-177,0.01,0.002,5454,55
97.69392204284668,97185,2222,2048,3137,-174,0.01,0.002,5453,55
97.80397844314575,97295,2221,2048,3119,-173,0.01,0.002,5451,55
97.91418600082397,97405,2221,2048,3102,-173,0.01,0.002,5448,54
98.02460598945618,97515,2222,2048,3085,-174,0.01,0.002,5443,54
98.13360381126404,97625,2216,2048,3068,-168,0.01,0.002,5446,54
98.24369597434998,97735,2221,2048,3051,-173,0.01,0.002,5437,54
98.35469460487366,97845,2217,2048,3034,-169,0.01,0.002,5438,54
98.4647307395935,97955,2217,2048,3017,-169,0.01,0.002,5434,54
98.57372879981995,98065,2214,2048,3000,-166,0.01,0.002,5434,54
98.68472671508789,98175,2214,2048,2984,-166,0.01,0.002,5431,54
98.79481363296509,98285,2212,2048,2967,-164,0.01,0.002,5430,54
98.9048113822937,98395,2216,2048,2950,-168,0.01,0.002,5422,54
99.01483201980591,98505,2209,2048,2934,-161,0.01,0.002,5426,54
99.12482929229736,98615,2213,2048,2918,-165,0.01,0.002,5419,54
99.23482751846313,98725,2210,2048,2902,-162,0.01,0.002,5418,54
99.34482526779175,98835,2210,2048,2885,-162,0.01,0.002,5415,54
99.45486998558044,98945,2210,2048,2869,-162,0.01,0.002,5412,54
99.56410908699036,99055,2206,2048,2853,-158,0.01,0.002,5413,54
99.6744556427002,99165,2205,2048,2838,-157,0.01,0.002,5411,54
99.78451490402222,99275,2206,2048,2822,-158,0.01,0.002,5406,54
99.89451313018799,99385,2206,2048,2806,-158,0.01,0.002,5403,54
100.0045108795166,99495,2202,2048,2791,-154,0.01,0.002,5404,54
100.1145088672638,99605,2202,2048,2775,-154,0.01,0.002,5401,54
100.2245979309082,99715,2202,2048,2760,-154,0.01,0.002,5398,54
100.33481454849243,99825,2202,2048,2745,-154,0.01,0.002,5395,54
100.44482588768005,99935,2202,2048,2729,-154,0.01,0.002,5392,54
100.55533170700073,100045,2197,2048,2714,-149,0.01,0.002,5394,54
100.6653299331665,100155,2180,2048,2701,-132,0.01,0.002,5408,54
100.77476072311401,100265,2185,2048,2687,-137,0.01,0.002,5401,54
100.88475847244263,100375,2183,2048,2674,-135,0.01,0.002,5400,54
100.99475646018982,100485,2200,2048,2659,-152,0.01,0.002,5380,54
101.10476970672607,100595,2177,2048,2646,-129,0.01,0.002,5400,54
101.215008020401,100705,2182,2048,2632,-134,0.01,0.002,5393,54
101.32541012763977,100815,2179,2048,2619,-131,0.01,0.002,5393,54
101.43540787696838,100925,2198,2048,2604,-150,0.01,0.002,5371,54
101.54540586471558,101035,2172,2048,2592,-124,0.01,0.002,5394,54
101.65540361404419,101145,2180,2048,2579,-132,0.01,0.002,5384,54
101.76549696922302,101255,2175,2048,2566,-127,0.01,0.002,5386,54
101.87554860115051,101365,2198,2048,2551,-150,0.01,0.002,5360,54
101.98556208610535,101475,2168,2048,2539,-120,0.01,0.002,5388,54
102.0955593585968,101585,2178,2048,2526,-130,0.01,0.002,5375,54
102.20557165145874,101695,2177,2048,2513,-129,0.01,0.002,5374,54
102.31561088562012,101805,2188,2048,2499,-140,0.01,0.002,5360,54
102.42560863494873,101915,2169,2048,2487,-121,0.01,0.002,5376,54
102.5356068611145,102025,2174,2048,2474,-126,0.01,0.002,5369,54
102.64560461044312,102135,2170,2048,2462,-122,0.01,0.002,5371,54
102.75585126876831,102245,2189,2048,2448,-141,0.01,0.002,5349,53
102.86606693267822,102355,2163,2048,2437,-115,0.01,0.002,5372,54
102.97627258300781,102465,2170,2048,2424,-122,0.01,0.002,5363,54
103.08539581298828,102575,2168,2048,2412,-120,0.01,0.002,5363,54
103.19639420509338,102685,2186,2048,2399,-138,0.01,0.002,5342,53
103.30639171600342,102795,2159,2048,2387,-111,0.01,0.002,5367,54
103.4164035320282,102905,2170,2048,2375,-122,0.01,0.002,5353,54
103.52642726898193,103015,2162,2048,2364,-114,0.01,0.002,5359,54
103.6364254951477,103125,2187,2048,2350,-139,0.01,0.002,5331,53
103.74642324447632,103235,2153,2048,2339,-105,0.01,0.002,5363,54
103.85642123222351,103345,2166,2048,2328,-118,0.01,0.002,5348,53
103.96641945838928,103455,2163,2048,2316,-115,0.01,0.002,5348,53
104.0764172077179,103565,2182,2048,2303,-134,0.01,0.002,5327,53
104.18641519546509,103675,2155,2048,2292,-107,0.01,0.002,5352,54
104.29641318321228,103785,2163,2048,2281,-115,0.01,0.002,5341,53
104.40671062469482,103895,2157,2048,2270,-109,0.01,0.002,5345,53
104.51606249809265,104005,2182,2048,2256,-134,0.01,0.002,5317,53
104.6260883808136,104115,2151,2048,2246,-103,0.01,0.002,5346,53
104.73708629608154,104225,2162,2048,2235,-114,0.01,0.002,5333,53
104.84608435630798,104335,2155,2048,2224,-107,0.01,0.002,5338,53
104.95665097236633,104445,2178,2048,2211,-130,0.01,0.002,5312,53
105.06664824485779,104555,2166,2048,2199,-118,0.01,0.002,5322,53
105.17664623260498,104665,2151,2048,2189,-103,0.01,0.002,5335,53
105.28664445877075,104775,2156,2048,2178,-108,0.01,0.002,5328,53
105.3966896533966,104885,2174,2048,2165,-126,0.01,0.002,5307,53
105.5066876411438,104995,2148,2048,2155,-100,0.01,0.002,5331,53
105.61668539047241,105105,2155,2048,2145,-107,0.01,0.002,5322,53
105.7266833782196,105215,2152,2048,2134,-104,0.01,0.002,5323,53
105.83674693107605,105325,2171,2048,2122,-123,0.01,0.002,5301,53
105.94674468040466,105435,2162,2048,2111,-114,0.01,0.002,5308,53
106.05690431594849,105545,2146,2048,2101,-98,0.01,0.002,5322,53
106.16724634170532,105655,2151,2048,2090,-103,0.01,0.002,5315,53
106.27724480628967,105765,2152,2048,2080,-104,0.01,0.002,5312,53
106.38725757598877,105875,2148,2048,2070,-100,0.01,0.002,5314,53
106.49725461006165,105985,2148,2048,2060,-100,0.01,0.002,5312,53
106.60725212097168,106095,2165,2048,2048,-117,0.01,0.002,5293,53
106.71725034713745,106205,2139,2048,2039,-91,0.01,0.002,5317,53
106.8272488117218,106315,2151,2048,2029,-103,0.01,0.002,5303,53
106.93724584579468,106425,2143,2048,2019,-95,0.01,0.002,5309,53
107.04724407196045,106535,2166,2048,2008,-118,0.01,0.002,5284,53
107.15729904174805,106645,2154,2048,1997,-106,0.01,0.002,5294,53
107.26729726791382,106755,2140,2048,1988,-92,0.01,0.002,5306,53
107.3773193359375,106865,2147,2048,1978,-99,0.01,0.002,5297,53
107.48731780052185,106975,2143,2048,1968,-95,0.01,0.002,5299,53
107.59757876396179,107085,2162,2048,1957,-114,0.01,0.002,5278,53
107.70797991752625,107195,2155,2048,1946,-107,0.01,0.002,5282,53
107.81797862052917,107305,2135,2048,1938,-87,0.01,0.002,5301,53
107.92804312705994,107415,2143,2048,1928,-95,0.01,0.002,5291,53
108.03804111480713,107525,2140,2048,1919,-92,0.01,0.002,5292,53
108.14803838729858,107635,2159,2048,1908,-111,0.01,0.002,5271,53
108.25803685188293,107745,2133,2048,1899,-85,0.01,0.002,5295,53
108.36803460121155,107855,2139,2048,1890,-91,0.01,0.002,5287,53
108.4775402545929,107965,2139,2048,1881,-91,0.01,0.002,5285,53
108.58753824234009,108075,2157,2048,1870,-109,0.01,0.002,5265,53
108.69756579399109,108185,2133,2048,1862,-85,0.01,0.002,5287,53
108.80756402015686,108295,2139,2048,1853,-91,0.01,0.002,5280,53
108.91758871078491,108405,2134,2048,1844,-86,0.01,0.002,5283,53
109.02809500694275,108515,2155,2048,1833,-107,0.01,0.002,5260,53
109.13809299468994,108625,2127,2048,1825,-79,0.01,0.002,5286,53
109.24836015701294,108735,2140,2048,1816,-92,0.01,0.002,5271,53
109.35829830169678,108845,2131,2048,1808,-83,0.01,0.002,5279,53
109.46829581260681,108955,2154,2048,1797,-106,0.01,0.002,5254,53
109.57829403877258,109065,2122,2048,1790,-74,0.01,0.002,5284,53
109.6882917881012,109175,2135,2048,1781,-87,0.01,0.002,5269,53
109.79829025268555,109285,2131,2048,1773,-83,0.01,0.002,5272,53
109.90837526321411,109395,2131,2048,1765,-83,0.01,0.002,5270,53
110.01837062835693,109505,2132,2048,1756,-84,0.01,0.002,5267,53
110.12840938568115,109615,2133,2048,1748,-85,0.01,0.002,5265,53
110.23840689659119,109725,2148,2048,1738,-100,0.01,0.002,5248,52
110.34840416908264,109835,2143,2048,1728,-95,0.01,0.002,5251,53
110.45840382575989,109945,2143,2048,1719,-95,0.01,0.002,5249,52
110.56840014457703,110055,2126,2048,1711,-78,0.01,0.002,5264,53
110.67839789390564,110165,2129,2048,1703,-81,0.01,0.002,5260,53
110.78840637207031,110275,2127,2048,1695,-79,0.01,0.002,5260,53
110.89913010597229,110385,2147,2048,1685,-99,0.01,0.002,5238,52
111.00851225852966,110495,2139,2048,1676,-91,0.01,0.002,5244,52
111.11850905418396,110605,2138,2048,1667,-90,0.01,0.002,5243,52
111.22850680351257,110715,2138,2048,1658,-90,0.01,0.002,5242,52
111.33850455284119,110825,2139,2048,1649,-91,0.01,0.002,5239,52
111.44854307174683,110935,2138,2048,1640,-90,0.01,0.002,5238,52
111.5585412979126,111045,2121,2048,1633,-73,0.01,0.002,5254,53
111.66953992843628,111155,2123,2048,1625,-75,0.01,0.002,5250,53
111.77953767776489,111265,2142,2048,1616,-94,0.01,0.002,5229,52
111.88953614234924,111375,2114,2048,1609,-66,0.01,0.002,5256,53
111.9995334148407,111485,2127,2048,1601,-79,0.01,0.002,5241,52
112.1088981628418,111595,2120,2048,1594,-72,0.01,0.002,5247,52
112.21889662742615,111705,2143,2048,1584,-95,0.01,0.002,5222,52
112.32890725135803,111815,2112,2048,1578,-64,0.01,0.002,5252,53
112.43990540504456,111925,2124,2048,1570,-76,0.01,0.002,5238,52
112.54916095733643,112035,2139,2048,1561,-91,0.01,0.002,5221,52
112.65972876548767,112145,2112,2048,1555,-64,0.01,0.002,5247,52
112.7697274684906,112255,2122,2048,1548,-74,0.01,0.002,5236,52
112.87923336029053,112365,2137,2048,1539,-89,0.01,0.002,5219,52
112.98923134803772,112475,2111,2048,1532,-63,0.01,0.002,5244,52
113.09928750991821,112585,2132,2048,1524,-84,0.01,0.002,5221,52
113.20928502082825,112695,2092,2048,1520,-44,0.01,0.002,5260,53
113.31938123703003,112805,2146,2048,1510,-98,0.01,0.002,5204,52
113.43038010597229,112915,2103,2048,1504,-55,0.01,0.002,5246,52
113.53950095176697,113025,2123,2048,1497,-75,0.01,0.002,5224,52
113.64949917793274,113135,2093,2048,1492,-45,0.01,0.002,5254,53
113.76000452041626,113245,2124,2048,1485,-76,0.01,0.002,5221,52
113.86955261230469,113355,2111,2048,1478,-63,0.01,0.002,5233,52
113.98055052757263,113465,2116,2048,1472,-68,0.01,0.002,5226,52
114.08981657028198,113575,2115,2048,1465,-67,0.01,0.002,5226,52
114.20021677017212,113685,2116,2048,1458,-68,0.01,0.002,5224,52
114.31021475791931,113795,2111,2048,1452,-63,0.01,0.002,5227,52
114.42030549049377,113905,2116,2048,1445,-68,0.01,0.002,5221,52
114.53031373023987,114015,2093,2048,1440,-45,0.01,0.002,5243,52
114.64031076431274,114125,2119,2048,1433,-71,0.01,0.002,5216,52
114.75030875205994,114235,2111,2048,1427,-63,0.01,0.002,5223,52
114.86030697822571,114345,2111,2048,1421,-63,0.01,0.002,5221,52
114.97032451629639,114455,2092,2048,1416,-44,0.01,0.002,5239,52
115.080322265625,114565,2119,2048,1409,-71,0.01,0.002,5211,52
115.19032001495361,114675,2107,2048,1403,-59,0.01,0.002,5222,52
115.3008759021759,114785,2111,2048,1397,-63,0.01,0.002,5217,52
115.41092348098755,114895,2092,2048,1393,-44,0.01,0.002,5235,52
115.52102398872375,115005,2114,2048,1386,-66,0.01,0.002,5211,52
115.63102149963379,115115,2107,2048,1380,-59,0.01,0.002,5217,52
115.74128198623657,115225,2111,2048,1374,-63,0.01,0.002,5212,52
115.85115623474121,115335,2088,2048,1370,-40,0.01,0.002,5234,52
115.96063685417175,115445,2113,2048,1363,-65,0.01,0.002,5208,52
116.07163548469543,115555,2108,2048,1357,-60,0.01,0.002,5212,52
116.18089652061462,115665,2107,2048,1351,-59,0.01,0.002,5211,52
116.29089426994324,115775,2088,2048,1347,-40,0.01,0.002,5230,52
116.40089178085327,115885,2115,2048,1341,-67,0.01,0.002,5201,52
116.51088976860046,115995,2084,2048,1337,-36,0.01,0.002,5232,52
116.62088751792908,116105,2116,2048,1330,-68,0.01,0.002,5198,52
116.73098635673523,116215,2084,2048,1327,-36,0.01,0.002,5229,52
116.8410587310791,116325,2115,2048,1320,-67,0.01,0.002,5197,52
116.95205664634705,116435,2104,2048,1314,-56,0.01,0.002,5207,52
117.06105518341064,116545,2107,2048,1309,-59,0.01,0.002,5203,52
117.17205262184143,116655,2084,2048,1305,-36,0.01,0.002,5225,52
117.2820508480072,116765,2115,2048,1298,-67,0.01,0.002,5193,52
117.391277551651,116875,2099,2048,1293,-51,0.01,0.002,5208,52
117.5014123916626,116985,2108,2048,1287,-60,0.01,0.002,5198,52
117.6114387512207,117095,2084,2048,1284,-36,0.01,0.002,5221,52
117.72143650054932,117205,2090,2048,1279,-42,0.01,0.002,5214,52
117.83143472671509,117315,2107,2048,1273,-59,0.01,0.002,5196,52
117.9414324760437,117425,2103,2048,1268,-55,0.01,0.002,5199,52
118.05252861976624,117535,2084,2048,1264,-36,0.01,0.002,5217,52
118.16252636909485,117645,2093,2048,1260,-45,0.01,0.002,5207,52
118.2725920677185,117755,2091,2048,1256,-43,0.01,0.002,5208,52
118.38158988952637,117865,2109,2048,1249,-61,0.01,0.002,5189,52
118.49261498451233,117975,2079,2048,1246,-31,0.01,0.002,5218,52
118.6026132106781,118085,2093,2048,1242,-45,0.01,0.002,5203,52
118.71200942993164,118195,2103,2048,1236,-55,0.01,0.002,5192,52
118.82251477241516,118305,2097,2048,1231,-49,0.01,0.002,5197,52
118.9327745437622,118415,2085,2048,1228,-37,0.01,0.002,5209,52
119.04210186004639,118525,2089,2048,1224,-41,0.01,0.002,5204,52
119.15260791778564,118635,2085,2048,1220,-37,0.01,0.002,5207,52
119.26260590553284,118745,2089,2048,1216,-41,0.01,0.002,5202,52
119.37260389328003,118855,2103,2048,1210,-55,0.01,0.002,5187,52
119.48263001441956,118965,2082,2048,1207,-34,0.01,0.002,5207,52
119.59262728691101,119075,2090,2048,1203,-42,0.01,0.002,5199,52
119.70266842842102,119185,2104,2048,1197,-56,0.01,0.002,5184,52
119.8126654624939,119295,2096,2048,1192,-48,0.01,0.002,5191,52
119.92274689674377,119405,2080,2048,1189,-32,0.01,0.002,5206,52
120.03274536132812,119515,2091,2048,1185,-43,0.01,0.002,5194,52
120.14274263381958,119625,2099,2048,1180,-51,0.01,0.002,5185,52
120.25274062156677,119735,2099,2048,1175,-51,0.01,0.002,5184,52
120.36278176307678,119845,2075,2048,1172,-27,0.01,0.002,5207,52
120.47278022766113,119955,2087,2048,1168,-39,0.01,0.002,5195,52
120.58320093154907,120065,2099,2048,1163,-51,0.01,0.002,5182,52
120.69353485107422,120175,2096,2048,1158,-48,0.01,0.002,5184,52
120.80355167388916,120285,2096,2048,1153,-48,0.01,0.002,5183,52
120.91354846954346,120395,2077,2048,1150,-29,0.01,0.002,5201,52
121.02300453186035,120505,2103,2048,1145,-55,0.01,0.002,5174,52
121.13300371170044,120615,2091,2048,1141,-43,0.01,0.002,5185,52
121.24363708496094,120725,2080,2048,1137,-32,0.01,0.002,5196,52
121.35363554954529,120835,2085,2048,1134,-37,0.01,0.002,5190,52
121.4636332988739,120945,2081,2048,1130,-33,0.01,0.002,5193,52
121.57363271713257,121055,2099,2048,1125,-51,0.01,0.002,5174,52
121.68362998962402,121165,2090,2048,1121,-42,0.01,0.002,5182,52
121.79306054115295,121275,2076,2048,1118,-28,0.01,0.002,5196,52
121.904061794281,121385,2104,2048,1113,-56,0.01,0.002,5167,52
122.0140872001648,121495,2091,2048,1108,-43,0.01,0.002,5179,52
122.12408423423767,121605,2075,2048,1106,-27,0.01,0.002,5194,52
122.23364591598511,121715,2080,2048,1103,-32,0.01,0.002,5189,52
122.34416651725769,121825,2079,2048,1099,-31,0.01,0.002,5189,52
122.45416450500488,121935,2099,2048,1094,-51,0.01,0.002,5168,52
122.56364297866821,122045,2091,2048,1090,-43,0.01,0.002,5175,52
122.67371439933777,122155,2076,2048,1087,-28,0.01,0.002,5190,52
122.78371238708496,122265,2098,2048,1082,-50,0.01,0.002,5167,52
122.89372849464417,122375,2091,2048,1078,-43,0.01,0.002,5173,52
123.00372695922852,122485,2072,2048,1076,-24,0.01,0.002,5191,52
123.11372542381287,122595,2081,2048,1072,-33,0.01,0.002,5182,52
123.22372245788574,122705,2096,2048,1067,-48,0.01,0.002,5166,52
123.33372020721436,122815,2090,2048,1063,-42,0.01,0.002,5171,52
123.44371795654297,122925,2072,2048,1061,-24,0.01,0.002,5188,52
123.55422592163086,123035,2080,2048,1058,-32,0.01,0.002,5180,52
123.66422367095947,123145,2076,2048,1055,-28,0.01,0.002,5183,52
123.77403497695923,123255,2097,2048,1050,-49,0.01,0.002,5161,52
123.88486242294312,123365,2087,2048,1046,-39,0.01,0.002,5170,52
123.99438071250916,123475,2073,2048,1044,-25,0.01,0.002,5184,52
124.1048891544342,123585,2094,2048,1039,-46,0.01,0.002,5162,52
124.21439552307129,123695,2088,2048,1035,-40,0.01,0.002,5167,52
124.32439398765564,123805,2072,2048,1033,-24,0.01,0.002,5183,52
124.43439149856567,123915,2075,2048,1030,-27,0.01,0.002,5179,52
124.54438948631287,124025,2094,2048,1025,-46,0.01,0.002,5159,52
124.65438771247864,124135,2087,2048,1021,-39,0.01,0.002,5165,52
124.76438570022583,124245,2072,2048,1019,-24,0.01,0.002,5180,52
124.87446570396423,124355,2076,2048,1016,-28,0.01,0.002,5175,52
124.98509120941162,124465,2094,2048,1012,-46,0.01,0.002,5156,52
125.0951292514801,124575,2087,2048,1008,-39,0.01,0.002,5163,52
125.20512819290161,124685,2068,2048,1006,-20,0.01,0.002,5181,52
125.31523036956787,124795,2076,2048,1003,-28,0.01,0.002,5173,52
125.42456316947937,124905,2091,2048,999,-43,0.01,0.002,5157,52
125.53493475914001,125015,2089,2048,994,-41,0.01,0.002,5158,52
125.64494895935059,125125,2068,2048,992,-20,0.01,0.002,5179,52
125.7549467086792,125235,2075,2048,990,-27,0.01,0.002,5171,52
125.86494421958923,125345,2073,2048,987,-25,0.01,0.002,5173,52
125.97497153282166,125455,2090,2048,983,-42,0.01,0.002,5155,52
126.08496832847595,125565,2065,2048,981,-17,0.01,0.002,5179,52
126.19496703147888,125675,2075,2048,979,-27,0.01,0.002,5169,52
126.30496430397034,125785,2071,2048,976,-23,0.01,0.002,5172,52
126.41496324539185,125895,2092,2048,972,-44,0.01,0.002,5150,52
126.52519989013672,126005,2065,2048,970,-17,0.01,0.002,5177,52
126.63519787788391,126115,2075,2048,968,-27,0.01,0.002,5167,52
126.74570608139038,126225,2072,2048,965,-24,0.01,0.002,5169,52
126.85570406913757,126335,2092,2048,961,-44,0.01,0.002,5148,51
126.96570205688477,126445,2063,2048,959,-15,0.01,0.002,5177,52
127.07553124427795,126555,2076,2048,956,-28,0.01,0.002,5163,52
127.18588066101074,126665,2065,2048,955,-17,0.01,0.002,5174,52
127.29587888717651,126775,2091,2048,950,-43,0.01,0.002,5147,51
127.4058768749237,126885,2064,2048,949,-16,0.01,0.002,5174,52
127.51587438583374,126995,2073,2048,946,-25,0.01,0.002,5164,52
127.62595844268799,127105,2067,2048,944,-19,0.01,0.002,5170,52
127.73595714569092,127215,2091,2048,940,-43,0.01,0.002,5145,51
127.84599375724792,127325,2063,2048,939,-15,0.01,0.002,5173,52
127.95599055290222,127435,2073,2048,936,-25,0.01,0.002,5162,52
128.06598830223083,127545,2068,2048,934,-20,0.01,0.002,5167,52
128.17598628997803,127655,2090,2048,930,-42,0.01,0.002,5144,51
128.28608202934265,127765,2059,2048,929,-11,0.01,0.002,5175,52
128.39608001708984,127875,2072,2048,926,-24,0.01,0.002,5161,52
128.5061776638031,127985,2067,2048,925,-19,0.01,0.002,5166,52
128.61599159240723,128095,2089,2048,920,-41,0.01,0.002,5143,51
128.72634029388428,128205,2059,2048,919,-11,0.01,0.002,5173,52
128.83584880828857,128315,2073,2048,917,-25,0.01,0.002,5158,52
128.9459011554718,128425,2067,2048,915,-19,0.01,0.002,5164,52
129.05589938163757,128535,2068,2048,913,-20,0.01,0.002,5163,52
129.1658971309662,128645,2087,2048,909,-39,0.01,0.002,5143,51
129.27589511871338,128755,2058,2048,908,-10,0.01,0.002,5172,52
129.38640093803406,128865,2071,2048,906,-23,0.01,0.002,5158,52
129.4964485168457,128975,2066,2048,904,-18,0.01,0.002,5163,52
129.60644626617432,129085,2068,2048,902,-20,0.01,0.002,5160,52
129.71650791168213,129195,2089,2048,898,-41,0.01,0.002,5139,51
129.82649278640747,129305,2059,2048,897,-11,0.01,0.002,5168,52
129.9364914894104,129415,2073,2048,894,-25,0.01,0.002,5154,52
130.04702425003052,129525,2064,2048,893,-16,0.01,0.002,5163,52
130.1570222377777,129635,2068,2048,891,-20,0.01,0.002,5158,52
130.2662467956543,129745,2073,2048,888,-25,0.01,0.002,5153,52
130.37666058540344,129855,2084,2048,885,-36,0.01,0.002,5141,51
130.48665857315063,129965,2078,2048,882,-30,0.01,0.002,5146,51
130.59667658805847,130075,2063,2048,880,-15,0.01,0.002,5161,52
130.70667457580566,130185,2068,2048,878,-20,0.01,0.002,5156,52
130.81667232513428,130295,2069,2048,876,-21,0.01,0.002,5154,52
130.92667031288147,130405,2083,2048,872,-35,0.01,0.002,5140,51
131.03666830062866,130515,2061,2048,871,-13,0.01,0.002,5161,52
131.14666628837585,130625,2087,2048,867,-39,0.01,0.002,5135,51
131.25666427612305,130735,2057,2048,866,-9,0.01,0.002,5164,52
131.36666417121887,130845,2068,2048,864,-20,0.01,0.002,5153,52
131.47666025161743,130955,2085,2048,861,-37,0.01,0.002,5135,51
131.58767223358154,131065,2080,2048,857,-32,0.01,0.002,5140,51
131.69775438308716,131175,2079,2048,854,-31,0.01,0.002,5140,51
131.80775237083435,131285,2064,2048,853,-16,0.01,0.002,5155,52
131.91751885414124,131395,2065,2048,851,-17,0.01,0.002,5153,52
132.0273633003235,131505,2060,2048,850,-12,0.01,0.002,5158,52
132.13736128807068,131615,2087,2048,846,-39,0.01,0.002,5130,51
132.24735927581787,131725,2075,2048,843,-27,0.01,0.002,5142,51
132.35740494728088,131835,2080,2048,840,-32,0.01,0.002,5136,51
132.4674026966095,131945,2080,2048,837,-32,0.01,0.002,5135,51
132.5774006843567,132055,2077,2048,834,-29,0.01,0.002,5138,51
132.68739867210388,132165,2060,2048,833,-12,0.01,0.002,5155,52
132.79739665985107,132275,2065,2048,831,-17,0.01,0.002,5149,51
132.90781211853027,132385,2085,2048,827,-37,0.01,0.002,5129,51
133.01782822608948,132495,2075,2048,825,-27,0.01,0.002,5138,51
133.12798810005188,132605,2060,2048,823,-12,0.01,0.002,5153,52
133.23798513412476,132715,2063,2048,822,-15,0.01,0.002,5149,51
133.34749579429626,132825,2064,2048,820,-16,0.01,0.002,5148,51
133.45749378204346,132935,2090,2048,816,-42,0.01,0.002,5121,51
133.5676736831665,133045,2071,2048,814,-23,0.01,0.002,5140,51
133.67811036109924,133155,2080,2048,811,-32,0.01,0.002,5130,51
133.78810858726501,133265,2054,2048,810,-6,0.01,0.002,5156,52
133.8981065750122,133375,2069,2048,808,-21,0.01,0.002,5141,51
134.00810432434082,133485,2060,2048,807,-12,0.01,0.002,5149,51
134.118102312088,133595,2084,2048,803,-36,0.01,0.002,5125,51
134.2281002998352,133705,2070,2048,801,-22,0.01,0.002,5138,51
134.3380992412567,133815,2060,2048,800,-12,0.01,0.002,5148,51
134.44842052459717,133925,2065,2048,798,-17,0.01,0.002,5143,51
134.55843043327332,134035,2059,2048,797,-11,0.01,0.002,5148,51
134.66846823692322,134145,2064,2048,795,-16,0.01,0.002,5143,51
134.7784662246704,134255,2060,2048,794,-12,0.01,0.002,5147,51
134.8884675502777,134365,2064,2048,793,-16,0.01,0.002,5143,51
134.99849772453308,134475,2061,2048,791,-13,0.01,0.002,5145,51
135.1086823940277,134585,2064,2048,790,-16,0.01,0.002,5142,51
135.21889543533325,134695,2080,2048,786,-32,0.01,0.002,5125,51
135.32907700538635,134805,2076,2048,784,-28,0.01,0.002,5129,51
135.43907475471497,134915,2055,2048,783,-7,0.01,0.002,5150,51
135.54907274246216,135025,2064,2048,781,-16,0.01,0.002,5140,51
135.65907073020935,135135,2061,2048,780,-13,0.01,0.002,5143,51
135.76915979385376,135245,2061,2048,779,-13,0.01,0.002,5143,51
135.87915802001953,135355,2080,2048,776,-32,0.01,0.002,5123,51
135.98921966552734,135465,2069,2048,773,-21,0.01,0.002,5134,51
136.0992181301117,135575,2055,2048,773,-7,0.01,0.002,5148,51
136.2092158794403,135685,2063,2048,771,-15,0.01,0.002,5139,51
136.31921434402466,135795,2062,2048,770,-14,0.01,0.002,5140,51
136.4292118549347,135905,2062,2048,768,-14,0.01,0.002,5140,51
136.53920984268188,136015,2059,2048,767,-11,0.01,0.002,5143,51
136.64920783042908,136125,2061,2048,766,-13,0.01,0.002,5140,51
136.7594804763794,136235,2061,2048,765,-13,0.01,0.002,5140,51
136.86880135536194,136345,2060,2048,764,-12,0.01,0.002,5141,51
136.97964453697205,136455,2060,2048,762,-12,0.01,0.002,5141,51
137.08964276313782,136565,2081,2048,759,-33,0.01,0.002,5119,51
137.1996865272522,136675,2056,2048,758,-8,0.01,0.002,5144,51
137.3096845149994,136785,2079,2048,755,-31,0.01,0.002,5120,51
137.41970705986023,136895,2054,2048,755,-6,0.01,0.002,5145,51
137.52921962738037,137005,2063,2048,753,-15,0.01,0.002,5136,51
137.63921737670898,137115,2079,2048,750,-31,0.01,0.002,5119,51
137.74921536445618,137225,2073,2048,747,-25,0.01,0.002,5125,51
137.85921335220337,137335,2052,2048,747,-4,0.01,0.002,5146,51
137.96928215026855,137445,2063,2048,746,-15,0.01,0.002,5134,51
138.07927918434143,137555,2055,2048,745,-7,0.01,0.002,5142,51
138.18927717208862,137665,2059,2048,744,-11,0.01,0.002,5138,51
138.29927587509155,137775,2079,2048,741,-31,0.01,0.002,5117,51
138.4095642566681,137885,2051,2048,740,-3,0.01,0.002,5145,51
138.51998209953308,137995,2064,2048,739,-16,0.01,0.002,5132,51
138.63000655174255,138105,2057,2048,738,-9,0.01,0.002,5139,51
138.73995757102966,138215,2060,2048,737,-12,0.01,0.002,5135,51
138.84995579719543,138325,2059,2048,736,-11,0.01,0.002,5136,51
138.95986342430115,138435,2062,2048,734,-14,0.01,0.002,5133,51
139.06987977027893,138545,2060,2048,733,-12,0.01,0.002,5135,51
139.17978930473328,138655,2075,2048,730,-27,0.01,0.002,5119,51
139.28987407684326,138765,2052,2048,730,-4,0.01,0.002,5142,51
139.39987230300903,138875,2080,2048,727,-32,0.01,0.002,5113,51
139.50987100601196,138985,2067,2048,725,-19,0.01,0.002,5126,51
139.61986875534058,139095,2056,2048,724,-8,0.01,0.002,5137,51
139.7298662662506,139205,2060,2048,723,-12,0.01,0.002,5133,51
139.84053683280945,139315,2056,2048,722,-8,0.01,0.002,5136,51
139.95056653022766,139425,2061,2048,721,-13,0.01,0.002,5131,51
140.06073212623596,139535,2057,2048,720,-9,0.01,0.002,5135,51
140.1709086894989,139645,2078,2048,717,-30,0.01,0.002,5113,51
140.28024315834045,139755,2048,2048,717,0,0.01,0.002,5143,51
140.3892810344696,139864,2060,2048,716,-12,0.01,0.002,5131,51
140.49930930137634,139974,2056,2048,715,-8,0.01,0.002,5135,51
140.60930728912354,140084,2059,2048,714,-11,0.01,0.002,5132,51
140.71930503845215,140194,2076,2048,711,-28,0.01,0.002,5114,51
140.82952237129211,140304,2048,2048,711,0,0.01,0.002,5142,51
140.93821120262146,140413,2061,2048,710,-13,0.01,0.002,5129,51
141.04887652397156,140523,2055,2048,709,-7,0.01,0.002,5135,51
141.15859842300415,140633,2075,2048,706,-27,0.01,0.002,5114,51
141.2685523033142,140743,2049,2048,706,-1,0.01,0.002,5140,51
141.37925744056702,140853,2060,2048,705,-12,0.01,0.002,5129,51
141.4886336326599,140963,2056,2048,704,-8,0.01,0.002,5133,51
141.59888553619385,141073,2055,2048,703,-7,0.01,0.002,5134,51
141.70859575271606,141183,2057,2048,702,-9,0.01,0.002,5132,51
141.81859278678894,141293,2074,2048,700,-26,0.01,0.002,5114,51
141.9286048412323,141403,2067,2048,698,-19,0.01,0.002,5121,51
142.0386040210724,141513,2050,2048,698,-2,0.01,0.002,5138,51
142.14913749694824,141623,2060,2048,697,-12,0.01,0.002,5127,51
142.25913524627686,141733,2057,2048,696,-9,0.01,0.002,5130,51
142.3691327571869,141843,2056,2048,695,-8,0.01,0.002,5131,51
142.47913122177124,141953,2056,2048,694,-8,0.01,0.002,5131,51
142.58956813812256,142063,2057,2048,693,-9,0.01,0.002,5130,51
142.6995677947998,142173,2056,2048,692,-8,0.01,0.002,5131,51
142.8095986843109,142283,2056,2048,692,-8,0.01,0.002,5130,51
142.91960906982422,142393,2075,2048,689,-27,0.01,0.002,5111,51
143.02960658073425,142503,2049,2048,689,-1,0.01,0.002,5137,51
143.13960528373718,142613,2059,2048,688,-11,0.01,0.002,5127,51
143.24984192848206,142723,2057,2048,687,-9,0.01,0.002,5128,51
143.3592233657837,142833,2077,2048,684,-29,0.01,0.002,5108,51
143.4692406654358,142943,2047,2048,684,1,0.01,0.002,5138,51
143.5782401561737,143052,2061,2048,683,-13,0.01,0.002,5124,51
143.68835043907166,143162,2073,2048,680,-25,0.01,0.002,5111,51
143.79834842681885,143272,2048,2048,680,0,0.01,0.002,5136,51
143.90776467323303,143381,2058,2048,679,-10,0.01,0.002,5126,51
144.0177881717682,143491,2057,2048,678,-9,0.01,0.002,5127,51
144.12778520584106,143601,2077,2048,675,-29,0.01,0.002,5106,51
144.23799896240234,143711,2068,2048,673,-20,0.01,0.002,5115,51
144.3480143547058,143821,2049,2048,673,-1,0.01,0.002,5134,51
144.45747661590576,143931,2058,2048,672,-10,0.01,0.002,5125,51
144.56822037696838,144041,2055,2048,672,-7,0.01,0.002,5127,51
144.67821788787842,144151,2058,2048,671,-10,0.01,0.002,5124,51
144.7883265018463,144261,2051,2048,670,-3,0.01,0.002,5131,51
144.89815139770508,144371,2075,2048,668,-27,0.01,0.002,5107,51
145.00815510749817,144481,2049,2048,667,-1,0.01,0.002,5133,51
145.11815285682678,144591,2057,2048,667,-9,0.01,0.002,5124,51
145.22815108299255,144701,2053,2048,666,-5,0.01,0.002,5128,51
145.33822989463806,144811,2057,2048,665,-9,0.01,0.002,5124,51
145.44822812080383,144921,2073,2048,663,-25,0.01,0.002,5108,51
145.55845165252686,145031,2048,2048,663,0,0.01,0.002,5133,51
145.6674497127533,145140,2056,2048,662,-8,0.01,0.002,5124,51
145.77695512771606,145250,2052,2048,661,-4,0.01,0.002,5128,51
145.88695287704468,145360,2054,2048,661,-6,0.01,0.002,5126,51
145.99780321121216,145470,2057,2048,660,-9,0.01,0.002,5123,51
146.1078007221222,145580,2054,2048,659,-6,0.01,0.002,5126,51
146.21785974502563,145690,2075,2048,657,-27,0.01,0.002,5104,51
146.3268609046936,145800,2045,2048,657,3,0.01,0.002,5134,51
146.43713283538818,145909,2076,2048,654,-28,0.01,0.002,5103,51
146.54652333259583,146019,2063,2048,653,-15,0.01,0.002,5116,51
146.65702486038208,146129,2053,2048,652,-5,0.01,0.002,5126,51
146.76667165756226,146239,2056,2048,651,-8,0.01,0.002,5122,51
146.87718105316162,146349,2052,2048,651,-4,0.01,0.002,5126,51
146.98717832565308,146459,2057,2048,650,-9,0.01,0.002,5121,51
147.0971758365631,146569,2051,2048,650,-3,0.01,0.002,5127,51
147.20717453956604,146679,2055,2048,649,-7,0.01,0.002,5123,51
147.31720852851868,146789,2053,2048,649,-5,0.01,0.002,5125,51
147.42720651626587,146899,2071,2048,646,-23,0.01,0.002,5106,51
147.5372052192688,147009,2048,2048,646,0,0.01,0.002,5129,51
147.6462025642395,147118,2076,2048,643,-28,0.01,0.002,5101,51
147.75620079040527,147228,2046,2048,644,2,0.01,0.002,5131,51
147.86521244049072,147337,2075,2048,641,-27,0.01,0.002,5101,51
147.97521042823792,147447,2044,2048,641,4,0.01,0.002,5132,51
148.08456921577454,147556,2058,2048,640,-10,0.01,0.002,5118,51
148.19394707679749,147666,2052,2048,640,-4,0.01,0.002,5124,51
148.30396461486816,147776,2051,2048,640,-3,0.01,0.002,5125,51
148.41396236419678,147886,2057,2048,639,-9,0.01,0.002,5119,51
148.5239908695221,147996,2052,2048,638,-4,0.01,0.002,5124,51
148.6339888572693,148106,2053,2048,638,-5,0.01,0.002,5123,51
148.74398684501648,148216,2053,2048,637,-5,0.01,0.002,5123,51
148.8539855480194,148326,2053,2048,637,-5,0.01,0.002,5122,51
148.96488451957703,148436,2053,2048,636,-5,0.01,0.002,5122,51
149.0738821029663,148546,2052,2048,636,-4,0.01,0.002,5123,51
149.18438601493835,148656,2052,2048,636,-4,0.01,0.002,5123,51
149.29456996917725,148766,2053,2048,635,-5,0.01,0.002,5122,51
149.40456819534302,148876,2053,2048,635,-5,0.01,0.002,5122,51
149.5145664215088,148986,2054,2048,634,-6,0.01,0.002,5121,51
149.62462186813354,149096,2053,2048,633,-5,0.01,0.002,5122,51
149.7349853515625,149206,2051,2048,633,-3,0.01,0.002,5124,51
149.84439778327942,149316,2052,2048,633,-4,0.01,0.002,5123,51
149.95468592643738,149426,2050,2048,633,-2,0.01,0.002,5125,51
150.06462144851685,149536,2053,2048,632,-5,0.01,0.002,5122,51
150.1746199131012,149646,2052,2048,632,-4,0.01,0.002,5122,51
150.28459787368774,149756,2053,2048,631,-5,0.01,0.002,5121,51
150.39462089538574,149866,2051,2048,631,-3,0.01,0.002,5123,51
150.50446486473083,149976,2054,2048,630,-6,0.01,0.002,5120,51
150.61446261405945,150086,2053,2048,630,-5,0.01,0.002,5121,51
150.72446179389954,150196,2052,2048,629,-4,0.01,0.002,5122,51
150.83530569076538,150306,2052,2048,629,-4,0.01,0.002,5122,51
150.94530367851257,150416,2052,2048,629,-4,0.01,0.002,5122,51
151.05537843704224,150526,2054,2048,628,-6,0.01,0.002,5120,51
151.16537404060364,150636,2053,2048,627,-5,0.01,0.002,5121,51
151.2748417854309,150746,2053,2048,627,-5,0.01,0.002,5120,51
151.3854410648346,150856,2070,2048,625,-22,0.01,0.002,5103,51
151.49529457092285,150966,2044,2048,625,4,0.01,0.002,5129,51
151.6042914390564,151075,2056,2048,624,-8,0.01,0.002,5117,51
151.71428990364075,151185,2054,2048,624,-6,0.01,0.002,5119,51
151.82428741455078,151295,2053,2048,623,-5,0.01,0.002,5120,51
151.93428540229797,151405,2054,2048,623,-6,0.01,0.002,5119,51
152.04443454742432,151515,2053,2048,622,-5,0.01,0.002,5120,51
152.15415287017822,151625,2054,2048,622,-6,0.01,0.002,5118,51
152.264164686203,151735,2053,2048,621,-5,0.01,0.002,5119,51
152.37438321113586,151845,2054,2048,620,-6,0.01,0.002,5118,51
152.48438000679016,151955,2056,2048,620,-8,0.01,0.002,5116,51
152.59440970420837,152065,2053,2048,619,-5,0.01,0.002,5119,51
152.704407453537,152175,2052,2048,619,-4,0.01,0.002,5120,51
152.81440567970276,152285,2052,2048,618,-4,0.01,0.002,5120,51
152.92462396621704,152395,2053,2048,618,-5,0.01,0.002,5119,51
153.03480982780457,152505,2076,2048,615,-28,0.01,0.002,5095,51
153.14480662345886,152615,2045,2048,615,3,0.01,0.002,5126,51
153.25380444526672,152724,2076,2048,613,-28,0.01,0.002,5095,51
153.36383771896362,152834,2061,2048,611,-13,0.01,0.002,5109,51
153.47383546829224,152944,2050,2048,611,-2,0.01,0.002,5120,51
153.58413410186768,153054,2054,2048,610,-6,0.01,0.002,5116,51
153.69363927841187,153164,2074,2048,608,-26,0.01,0.002,5096,51
153.80421662330627,153274,2044,2048,608,4,0.01,0.002,5126,51
153.9132149219513,153383,2060,2048,607,-12,0.01,0.002,5110,51
154.02340388298035,153493,2067,2048,605,-19,0.01,0.002,5102,51
154.1334011554718,153603,2043,2048,606,5,0.01,0.002,5126,51
154.24239897727966,153712,2074,2048,603,-26,0.01,0.002,5095,51
154.3523964881897,153822,2042,2048,604,6,0.01,0.002,5127,51
154.46139550209045,153931,2056,2048,603,-8,0.01,0.002,5113,51
154.57160115242004,154041,2049,2048,603,-1,0.01,0.002,5120,51
154.680992603302,154151,2052,2048,602,-4,0.01,0.002,5117,51
154.79104089736938,154261,2052,2048,602,-4,0.01,0.002,5116,51
154.9016056060791,154371,2052,2048,602,-4,0.01,0.002,5116,51
155.01111555099487,154481,2070,2048,599,-22,0.01,0.002,5098,51
155.1216230392456,154591,2044,2048,600,4,0.01,0.002,5124,51
155.23063802719116,154700,2072,2048,597,-24,0.01,0.002,5096,51
155.34067583084106,154810,2047,2048,597,1,0.01,0.002,5121,51
155.44918251037598,154919,2052,2048,597,-4,0.01,0.002,5116,51
155.55918049812317,155029,2052,2048,597,-4,0.01,0.002,5115,51
155.66917824745178,155139,2052,2048,596,-4,0.01,0.002,5115,51
155.77917623519897,155249,2054,2048,596,-6,0.01,0.002,5113,51
155.88917422294617,155359,2048,2048,596,0,0.01,0.002,5119,51
155.99852347373962,155468,2052,2048,595,-4,0.01,0.002,5115,51
156.10852241516113,155578,2052,2048,595,-4,0.01,0.002,5115,51
156.21880459785461,155688,2053,2048,594,-5,0.01,0.002,5114,51
156.32892274856567,155798,2049,2048,594,-1,0.01,0.002,5118,51
156.4389841556549,155908,2052,2048,594,-4,0.01,0.002,5115,51
156.54898190498352,156018,2047,2048,594,1,0.01,0.002,5120,51
156.65798020362854,156127,2054,2048,593,-6,0.01,0.002,5113,51
156.76799201965332,156237,2066,2048,592,-18,0.01,0.002,5100,51
156.8779900074005,156347,2044,2048,592,4,0.01,0.002,5122,51
156.98698806762695,156456,2052,2048,592,-4,0.01,0.002,5114,51
157.09698605537415,156566,2049,2048,591,-1,0.01,0.002,5117,51
157.20698404312134,156676,2054,2048,591,-6,0.01,0.002,5112,51
157.31698560714722,156786,2048,2048,591,0,0.01,0.002,5118,51
157.4259798526764,156895,2051,2048,591,-3,0.01,0.002,5115,51
157.535977602005,157005,2052,2048,590,-4,0.01,0.002,5114,51
157.64670538902283,157115,2049,2048,590,-1,0.01,0.002,5117,51
157.7559142112732,157225,2052,2048,590,-4,0.01,0.002,5114,51
157.8667528629303,157335,2050,2048,589,-2,0.01,0.002,5116,51
157.97641491889954,157445,2052,2048,589,-4,0.01,0.002,5114,51
158.0866219997406,157555,2049,2048,589,-1,0.01,0.002,5117,51
158.19663333892822,157665,2052,2048,589,-4,0.01,0.002,5114,51
158.30667209625244,157775,2049,2048,588,-1,0.01,0.002,5117,51
158.41666984558105,157885,2071,2048,586,-23,0.01,0.002,5094,51
158.52666926383972,157995,2041,2048,587,7,0.01,0.002,5124,51
158.6356658935547,158104,2070,2048,585,-22,0.01,0.002,5095,51
158.74590611457825,158214,2044,2048,585,4,0.01,0.002,5121,51
158.85494089126587,158323,2067,2048,583,-19,0.01,0.002,5098,51
158.9649624824524,158433,2045,2048,583,3,0.01,0.002,5120,51
159.07396030426025,158542,2053,2048,583,-5,0.01,0.002,5112,51
159.1839575767517,158652,2049,2048,583,-1,0.01,0.002,5116,51
159.29398345947266,158762,2052,2048,582,-4,0.01,0.002,5113,51
159.40425157546997,158872,2049,2048,582,-1,0.01,0.002,5116,51
159.51362204551697,158982,2052,2048,582,-4,0.01,0.002,5112,51
159.62358283996582,159092,2049,2048,582,-1,0.01,0.002,5115,51
159.7336027622223,159202,2054,2048,581,-6,0.01,0.002,5110,51
159.84410786628723,159312,2048,2048,581,0,0.01,0.002,5116,51
159.95310592651367,159421,2052,2048,581,-4,0.01,0.002,5112,51
160.06310391426086,159531,2048,2048,581,0,0.01,0.002,5116,51
160.17210268974304,159640,2053,2048,580,-5,0.01,0.002,5111,51
160.2820999622345,159750,2048,2048,580,0,0.01,0.002,5116,51
160.39112758636475,159859,2052,2048,580,-4,0.01,0.002,5112,51
160.50112581253052,159969,2048,2048,580,0,0.01,0.002,5116,51
160.6101655960083,160078,2053,2048,579,-5,0.01,0.002,5111,51
160.72016382217407,160188,2047,2048,580,1,0.01,0.002,5117,51
160.82916164398193,160297,2072,2048,577,-24,0.01,0.002,5092,51
160.93915963172913,160407,2041,2048,578,7,0.01,0.002,5123,51
161.048357963562,160516,2054,2048,577,-6,0.01,0.002,5110,51
161.15813493728638,160626,2049,2048,577,-1,0.01,0.002,5115,51
161.26813316345215,160736,2049,2048,577,-1,0.01,0.002,5115,51
161.3781566619873,160846,2049,2048,577,-1,0.01,0.002,5114,51
161.48815488815308,160956,2048,2048,577,0,0.01,0.002,5115,51
161.5981526374817,161065,2052,2048,577,-4,0.01,0.002,5111,51
161.70726799964905,161175,2047,2048,577,1,0.01,0.002,5116,51
161.81726598739624,161284,2053,2048,576,-5,0.01,0.002,5110,51
161.92639446258545,161394,2049,2048,576,-1,0.01,0.002,5114,51
162.03739285469055,161504,2063,2048,575,-15,0.01,0.002,5100,51
162.14639019966125,161614,2044,2048,575,4,0.01,0.002,5119,51
162.25638842582703,161723,2051,2048,575,-3,0.01,0.002,5112,51
162.36589455604553,161833,2047,2048,575,1,0.01,0.002,5116,51
162.4748923778534,161942,2072,2048,572,-24,0.01,0.002,5091,51
162.5848913192749,162052,2040,2048,573,8,0.01,0.002,5123,51
162.69375371932983,162161,2053,2048,573,-5,0.01,0.002,5110,51
162.80417346954346,162271,2067,2048,571,-19,0.01,0.002,5095,51
162.9141719341278,162381,2044,2048,571,4,0.01,0.002,5118,51
163.02324604988098,162490,2049,2048,571,-1,0.01,0.002,5113,51
163.13324427604675,162600,2049,2048,571,-1,0.01,0.002,5113,51
163.24329113960266,162710,2050,2048,571,-2,0.01,0.002,5112,51
163.35328912734985,162820,2049,2048,571,-1,0.01,0.002,5113,51
163.46328711509705,162930,2068,2048,569,-20,0.01,0.002,5094,51
163.57328510284424,163040,2040,2048,569,8,0.01,0.002,5122,51
163.6822829246521,163149,2053,2048,569,-5,0.01,0.002,5109,51
163.7922809123993,163259,2069,2048,567,-21,0.01,0.002,5092,51
163.90227913856506,163369,2041,2048,568,7,0.01,0.002,5121,51
164.01153302192688,163478,2072,2048,565,-24,0.01,0.002,5089,51
164.12154412269592,163588,2040,2048,566,8,0.01,0.002,5121,51
164.23026990890503,163697,2052,2048,566,-4,0.01,0.002,5109,51
164.34066677093506,163807,2048,2048,566,0,0.01,0.002,5113,51
164.45007586479187,163916,2049,2048,565,-1,0.01,0.002,5112,51
164.56007361412048,164026,2049,2048,565,-1,0.01,0.002,5112,51
164.67007184028625,164136,2068,2048,563,-20,0.01,0.002,5093,51
164.7801160812378,164246,2058,2048,562,-10,0.01,0.002,5103,51
164.89011526107788,164356,2044,2048,563,4,0.01,0.002,5117,51
164.99861788749695,164465,2052,2048,562,-4,0.01,0.002,5109,51
165.10861563682556,164575,2048,2048,562,0,0.01,0.002,5113,51
165.21761345863342,164684,2068,2048,560,-20,0.01,0.002,5092,51
165.32764887809753,164794,2059,2048,559,-11,0.01,0.002,5101,51
165.43764734268188,164904,2044,2048,560,4,0.01,0.002,5116,51
165.54664516448975,165013,2049,2048,560,-1,0.01,0.002,5111,51
165.65665864944458,165123,2046,2048,560,2,0.01,0.002,5114,51
165.7667326927185,165232,2070,2048,558,-22,0.01,0.002,5090,51
165.87593007087708,165342,2056,2048,557,-8,0.01,0.002,5103,51
165.98629069328308,165452,2064,2048,555,-16,0.01,0.002,5095,51
166.0962884426117,165562,2062,2048,554,-14,0.01,0.002,5097,51
166.2062864303589,165672,2046,2048,554,2,0.01,0.002,5113,51
166.31528449058533,165781,2049,2048,554,-1,0.01,0.002,5110,51
166.42529845237732,165891,2049,2048,554,-1,0.01,0.002,5110,51
166.53529620170593,166001,2066,2048,552,-18,0.01,0.002,5092,51
166.64529418945312,166111,2040,2048,553,8,0.01,0.002,5119,51
166.75429248809814,166220,2051,2048,552,-3,0.01,0.002,5108,51
166.86429023742676,166330,2064,2048,551,-16,0.01,0.002,5094,51
166.97428798675537,166440,2038,2048,552,10,0.01,0.002,5120,51
167.08434009552002,166550,2071,2048,550,-23,0.01,0.002,5087,51
167.1948606967926,166660,2059,2048,548,-11,0.01,0.002,5099,51
167.30486011505127,166770,2044,2048,549,4,0.01,0.002,5114,51
167.41336846351624,166879,2068,2048,547,-20,0.01,0.002,5089,51
167.5235412120819,166989,2040,2048,548,8,0.01,0.002,5118,51
167.63289046287537,167098,2052,2048,547,-4,0.01,0.002,5106,51
167.74288868904114,167208,2049,2048,547,-1,0.01,0.002,5109,51
167.85288643836975,167318,2047,2048,547,1,0.01,0.002,5111,51
167.96188592910767,167427,2067,2048,545,-19,0.01,0.002,5090,51
168.07227492332458,167537,2040,2048,546,8,0.01,0.002,5117,51
168.18127155303955,167646,2052,2048,546,-4,0.01,0.002,5105,51
168.29126930236816,167756,2049,2048,546,-1,0.01,0.002,5108,51
168.40077805519104,167866,2048,2048,546,0,0.01,0.002,5109,51
168.50984358787537,167975,2047,2048,546,1,0.01,0.002,5110,51
168.61985611915588,168084,2067,2048,544,-19,0.01,0.002,5090,51
168.72888135910034,168194,2039,2048,545,9,0.01,0.002,5118,51
168.83887910842896,168303,2050,2048,545,-2,0.01,0.002,5107,51
168.9488775730133,168413,2048,2048,545,0,0.01,0.002,5109,51
169.05787539482117,168522,2047,2048,545,1,0.01,0.002,5110,51
169.16617798805237,168631,2068,2048,543,-20,0.01,0.002,5089,51
169.276682138443,168741,2041,2048,543,7,0.01,0.002,5116,51
169.38567996025085,168850,2052,2048,543,-4,0.01,0.002,5105,51
169.49567818641663,168960,2045,2048,543,3,0.01,0.002,5112,51
169.6047375202179,169069,2049,2048,543,-1,0.01,0.002,5108,51
169.7147352695465,169179,2049,2048,543,-1,0.01,0.002,5108,51
169.82477355003357,169289,2050,2048,543,-2,0.01,0.002,5107,51
169.93477129936218,169399,2047,2048,543,1,0.01,0.002,5110,51
170.0438027381897,169508,2065,2048,541,-17,0.01,0.002,5091,51
170.15381789207458,169618,2041,2048,542,7,0.01,0.002,5115,51
170.26329064369202,169727,2072,2048,540,-24,0.01,0.002,5084,51
170.3732888698578,169837,2036,2048,541,12,0.01,0.002,5120,51
170.48333430290222,169947,2071,2048,538,-23,0.01,0.002,5085,51
170.5933322906494,170057,2054,2048,538,-6,0.01,0.002,5102,51
170.7035973072052,170167,2063,2048,536,-15,0.01,0.002,5092,51
170.8129198551178,170277,2041,2048,537,7,0.01,0.002,5115,51
170.92191863059998,170386,2066,2048,535,-18,0.01,0.002,5089,51
171.03203058242798,170496,2040,2048,536,8,0.01,0.002,5115,51
171.14102435112,170605,2052,2048,536,-4,0.01,0.002,5103,51
171.2510223388672,170715,2045,2048,536,3,0.01,0.002,5110,51
171.3600206375122,170824,2048,2048,536,0,0.01,0.002,5107,51
171.4691424369812,170933,2049,2048,536,-1,0.01,0.002,5106,51
171.57915425300598,171043,2047,2048,536,1,0.01,0.002,5108,51
171.68820071220398,171152,2066,2048,534,-18,0.01,0.002,5089,51
171.79819869995117,171262,2041,2048,535,7,0.01,0.002,5114,51
171.90819668769836,171371,2067,2048,533,-19,0.01,0.002,5088,51
172.0181987285614,171481,2059,2048,532,-11,0.01,0.002,5095,51
172.1272487640381,171591,2045,2048,532,3,0.01,0.002,5110,51
172.23724675178528,171700,2066,2048,530,-18,0.01,0.002,5088,51
172.34649991989136,171810,2059,2048,529,-11,0.01,0.002,5095,51
172.45684909820557,171920,2041,2048,530,7,0.01,0.002,5113,51
172.56591248512268,172029,2067,2048,528,-19,0.01,0.002,5087,51
172.67591047286987,172139,2059,2048,527,-11,0.01,0.002,5094,51
172.78541660308838,172249,2041,2048,528,7,0.01,0.002,5113,51
172.895414352417,172358,2066,2048,526,-18,0.01,0.002,5087,51
173.00542664527893,172468,2038,2048,527,10,0.01,0.002,5115,51
173.1154704093933,172578,2070,2048,525,-22,0.01,0.002,5083,51
173.2254719734192,172688,2055,2048,524,-7,0.01,0.002,5098,51
173.33486652374268,172798,2042,2048,525,6,0.01,0.002,5111,51
173.4438648223877,172907,2048,2048,525,0,0.01,0.002,5105,51
173.5533730983734,173016,2048,2048,525,0,0.01,0.002,5105,51
173.6623706817627,173125,2050,2048,524,-2,0.01,0.002,5103,51
173.77236890792847,173235,2044,2048,525,4,0.01,0.002,5109,51
173.88136744499207,173344,2049,2048,525,-1,0.01,0.002,5104,51
173.99193143844604,173454,2062,2048,523,-14,0.01,0.002,5091,51
174.10140323638916,173564,2042,2048,524,6,0.01,0.002,5111,51
174.21040105819702,173673,2066,2048,522,-18,0.01,0.002,5087,51
174.3203992843628,173783,2040,2048,523,8,0.01,0.002,5113,51
174.42890572547913,173892,2048,2048,523,0,0.01,0.002,5105,51
174.53859424591064,174001,2064,2048,521,-16,0.01,0.002,5088,51
174.64861702919006,174111,2039,2048,522,9,0.01,0.002,5114,51
174.75761604309082,174220,2065,2048,520,-17,0.01,0.002,5087,51
174.86766028404236,174330,2040,2048,521,8,0.01,0.002,5112,51
174.97667622566223,174439,2049,2048,521,-1,0.01,0.002,5103,51
175.08667421340942,174549,2044,2048,522,4,0.01,0.002,5108,51
175.19567227363586,174658,2066,2048,520,-18,0.01,0.002,5086,51
175.30574917793274,174768,2041,2048,520,7,0.01,0.002,5111,51
175.41474723815918,174877,2068,2048,518,-20,0.01,0.002,5084,51
175.524804353714,174987,2038,2048,519,10,0.01,0.002,5114,51
175.6349585056305,175097,2067,2048,518,-19,0.01,0.002,5085,51
175.7454707622528,175207,2036,2048,519,12,0.01,0.002,5116,51
175.85446882247925,175317,2052,2048,518,-4,0.01,0.002,5100,51
175.96497416496277,175427,2045,2048,519,3,0.01,0.002,5107,51
176.07382822036743,175536,2049,2048,519,-1,0.01,0.002,5103,51
176.18482661247253,175646,2063,2048,517,-15,0.01,0.002,5089,51
176.29382395744324,175756,2041,2048,518,7,0.01,0.002,5111,51
176.4028217792511,175865,2047,2048,518,1,0.01,0.002,5105,51
176.51182007789612,175974,2046,2048,518,2,0.01,0.002,5106,51
176.6218180656433,176083,2067,2048,516,-19,0.01,0.002,5084,51
176.7308964729309,176193,2037,2048,517,11,0.01,0.002,5115,51
176.84148120880127,176303,2067,2048,515,-19,0.01,0.002,5084,51
176.9515323638916,176413,2038,2048,516,10,0.01,0.002,5113,51
177.06153059005737,176523,2049,2048,516,-1,0.01,0.002,5102,51
177.1717734336853,176633,2046,2048,516,2,0.01,0.002,5105,51
177.28014254570007,176742,2048,2048,516,0,0.01,0.002,5103,51
177.3891885280609,176851,2064,2048,515,-16,0.01,0.002,5087,51
177.4991991519928,176961,2059,2048,514,-11,0.01,0.002,5092,51
177.6091969013214,177071,2040,2048,515,8,0.01,0.002,5111,51
177.71819519996643,177180,2047,2048,515,1,0.01,0.002,5104,51
177.82819294929504,177289,2064,2048,513,-16,0.01,0.002,5087,51
177.93719124794006,177399,2057,2048,512,-9,0.01,0.002,5094,51
178.0472536087036,177509,2040,2048,513,8,0.01,0.002,5111,51
178.15625095367432,177618,2066,2048,511,-18,0.01,0.002,5084,51
178.26728200912476,177728,2034,2048,513,14,0.01,0.002,5117,51
178.37727999687195,177838,2052,2048,512,-4,0.01,0.002,5099,51
178.48627853393555,177948,2045,2048,512,3,0.01,0.002,5106,51
178.5956995487213,178057,2069,2048,510,-21,0.01,0.002,5081,51
178.70635199546814,178167,2056,2048,510,-8,0.01,0.002,5094,51
178.81593346595764,178277,2059,2048,508,-11,0.01,0.002,5091,51
178.92574548721313,178387,2059,2048,507,-11,0.01,0.002,5091,51
179.03574514389038,178497,2040,2048,508,8,0.01,0.002,5110,51
179.14474153518677,178606,2048,2048,508,0,0.01,0.002,5102,51
179.25373935699463,178715,2044,2048,509,4,0.01,0.002,5106,51
179.36273765563965,178824,2051,2048,508,-3,0.01,0.002,5099,51
179.47282481193542,178934,2045,2048,509,3,0.01,0.002,5105,51
179.5818226337433,179043,2047,2048,509,1,0.01,0.002,5103,51
179.69182062149048,179152,2065,2048,507,-17,0.01,0.002,5084,51
179.8018193244934,179262,2036,2048,508,12,0.01,0.002,5114,51
179.9113278388977,179372,2048,2048,508,0,0.01,0.002,5102,51
180.02042889595032,179481,2044,2048,509,4,0.01,0.002,5106,51
180.12942600250244,179590,2051,2048,508,-3,0.01,0.002,5099,51
180.2394242286682,179700,2063,2048,507,-15,0.01,0.002,5086,51
180.34942197799683,179810,2039,2048,508,9,0.01,0.002,5111,51
180.45917582511902,179919,2067,2048,506,-19,0.01,0.002,5082,51
180.5691065788269,180029,2037,2048,507,11,0.01,0.002,5112,51
180.67813444137573,180139,2047,2048,507,1,0.01,0.002,5102,51
180.7871310710907,180248,2043,2048,507,5,0.01,0.002,5107,51
180.8971290588379,180357,2067,2048,506,-19,0.01,0.002,5082,51
181.00727605819702,180467,2036,2048,507,12,0.01,0.002,5113,51
181.11627388000488,180577,2048,2048,507,0,0.01,0.002,5101,51
181.22630834579468,180686,2045,2048,507,3,0.01,0.002,5105,51
181.3353066444397,180795,2065,2048,505,-17,0.01,0.002,5084,51
181.44530487060547,180905,2056,2048,505,-8,0.01,0.002,5093,51
181.55530214309692,181015,2059,2048,503,-11,0.01,0.002,5090,51
181.66530013084412,181125,2040,2048,504,8,0.01,0.002,5109,51
181.77429795265198,181234,2048,2048,504,0,0.01,0.002,5101,51
181.88331079483032,181343,2062,2048,503,-14,0.01,0.002,5087,51
181.99354147911072,181453,2059,2048,502,-11,0.01,0.002,5089,51
182.10333466529846,181563,2040,2048,503,8,0.01,0.002,5109,51
182.21191549301147,181672,2048,2048,503,0,0.01,0.002,5101,51
182.32095551490784,181781,2063,2048,501,-15,0.01,0.002,5085,51
182.43095588684082,181891,2059,2048,500,-11,0.01,0.002,5089,51
182.54095005989075,182001,2042,2048,501,6,0.01,0.002,5106,51
182.6509485244751,182110,2067,2048,499,-19,0.01,0.002,5081,51
182.75994610786438,182220,2035,2048,500,13,0.01,0.002,5113,51
182.87046194076538,182330,2068,2048,498,-20,0.01,0.002,5080,51
182.98052072525024,182440,2055,2048,497,-7,0.01,0.002,5093,51
183.09051847457886,182550,2058,2048,496,-10,0.01,0.002,5089,51
183.20051622390747,182660,2040,2048,497,8,0.01,0.002,5108,51
183.30955910682678,182769,2049,2048,497,-1,0.01,0.002,5098,51
183.41958737373352,182879,2039,2048,498,9,0.01,0.002,5109,51
183.52866435050964,182988,2048,2048,498,0,0.01,0.002,5100,51
183.63789176940918,183097,2062,2048,496,-14,0.01,0.002,5085,51
183.74798703193665,183207,2061,2048,495,-13,0.01,0.002,5086,51
183.85798525810242,183317,2039,2048,496,9,0.01,0.002,5108,51
183.9667615890503,183426,2049,2048,496,-1,0.01,0.002,5098,51
184.0771050453186,183536,2043,2048,496,5,0.01,0.002,5104,51
184.18610286712646,183645,2063,2048,495,-15,0.01,0.002,5084,51
184.29610109329224,183755,2036,2048,496,12,0.01,0.002,5111,51
184.40549659729004,183865,2048,2048,496,0,0.01,0.002,5099,51
184.5154948234558,183974,2063,2048,495,-15,0.01,0.002,5084,51
184.62542963027954,184084,2055,2048,494,-7,0.01,0.002,5092,51
184.7354278564453,184194,2060,2048,493,-12,0.01,0.002,5087,51
184.84465527534485,184304,2041,2048,493,7,0.01,0.002,5106,51
184.95399689674377,184413,2068,2048,491,-20,0.01,0.002,5078,51
185.06405091285706,184523,2056,2048,491,-8,0.01,0.002,5090,51
185.17404890060425,184633,2058,2048,490,-10,0.01,0.002,5088,51
185.28436279296875,184743,2041,2048,490,7,0.01,0.002,5105,51
185.39377880096436,184852,2068,2048,488,-20,0.01,0.002,5078,51
185.50377678871155,184962,2037,2048,489,11,0.01,0.002,5109,51
185.61377453804016,185072,2066,2048,488,-18,0.01,0.002,5080,51
185.72377252578735,185182,2055,2048,487,-7,0.01,0.002,5090,51
185.83377051353455,185292,2038,2048,488,10,0.01,0.002,5108,51
185.94376873970032,185402,2066,2048,486,-18,0.01,0.002,5079,51
186.05398964881897,185512,2054,2048,486,-6,0.01,0.002,5091,51
186.16398739814758,185622,2059,2048,484,-11,0.01,0.002,5086,51
186.27400040626526,185732,2040,2048,485,8,0.01,0.002,5105,51
186.38299870491028,185841,2049,2048,485,-1,0.01,0.002,5096,51
186.4930272102356,185951,2045,2048,485,3,0.01,0.002,5100,51
186.60202193260193,186060,2043,2048,486,5,0.01,0.002,5102,51
186.71105074882507,186169,2064,2048,484,-16,0.01,0.002,5081,51
186.82104873657227,186279,2055,2048,484,-7,0.01,0.002,5090,51
186.9309446811676,186389,2041,2048,484,7,0.01,0.002,5104,51
187.04011130332947,186498,2042,2048,485,6,0.01,0.002,5103,51
187.14911031723022,186607,2063,2048,483,-15,0.01,0.002,5082,51
187.25910806655884,186717,2037,2048,485,11,0.01,0.002,5108,51
187.3691051006317,186827,2068,2048,483,-20,0.01,0.002,5077,51
187.47910499572754,186937,2036,2048,484,12,0.01,0.002,5109,51
187.58926653862,187047,2049,2048,484,-1,0.01,0.002,5096,51
187.69926357269287,187157,2045,2048,484,3,0.01,0.002,5100,51
187.80886268615723,187266,2064,2048,482,-16,0.01,0.002,5081,51
187.91786098480225,187376,2036,2048,484,12,0.01,0.002,5109,51
188.0288598537445,187486,2068,2048,482,-20,0.01,0.002,5076,51
188.1388566493988,187596,2055,2048,481,-7,0.01,0.002,5089,51
188.24885439872742,187706,2038,2048,482,10,0.01,0.002,5106,51
188.35885334014893,187816,2067,2048,480,-19,0.01,0.002,5077,51
188.46811437606812,187926,2055,2048,479,-7,0.01,0.002,5089,51
188.57843852043152,188036,2041,2048,480,7,0.01,0.002,5103,51
188.68743777275085,188145,2065,2048,478,-17,0.01,0.002,5079,51
188.79743456840515,188255,2035,2048,480,13,0.01,0.002,5109,51
188.90743255615234,188365,2065,2048,478,-17,0.01,0.002,5079,51
189.01758480072021,188475,2054,2048,477,-6,0.01,0.002,5090,51
189.12758207321167,188585,2041,2048,478,7,0.01,0.002,5103,51
189.23659420013428,188694,2044,2048,478,4,0.01,0.002,5100,51
189.3456151485443,188803,2064,2048,477,-16,0.01,0.002,5079,51
189.45561408996582,188913,2037,2048,478,11,0.01,0.002,5107,51
189.56561136245728,189023,2050,2048,478,-2,0.01,0.002,5094,51
189.67582058906555,189133,2059,2048,477,-11,0.01,0.002,5084,51
189.7858180999756,189243,2036,2048,478,12,0.01,0.002,5108,51
189.895854473114,189353,2049,2048,478,-1,0.01,0.002,5095,51
190.0058524608612,189463,2058,2048,477,-10,0.01,0.002,5085,51
190.11611604690552,189573,2040,2048,477,8,0.01,0.002,5104,51
190.22549438476562,189682,2045,2048,478,3,0.01,0.002,5099,51
190.33456420898438,189791,2046,2048,478,2,0.01,0.002,5098,51
190.44356322288513,189900,2044,2048,478,4,0.01,0.002,5100,51
190.55279994010925,190009,2064,2048,477,-16,0.01,0.002,5079,51
190.66279649734497,190119,2037,2048,478,11,0.01,0.002,5107,51
190.77285623550415,190229,2049,2048,478,-1,0.01,0.002,5095,51
190.88285541534424,190339,2060,2048,477,-12,0.01,0.002,5083,51
190.99285221099854,190449,2037,2048,478,11,0.01,0.002,5107,51
191.10285019874573,190559,2049,2048,478,-1,0.01,0.002,5095,51
191.21285223960876,190669,2060,2048,476,-12,0.01,0.002,5083,51
191.32284593582153,190779,2034,2048,478,14,0.01,0.002,5110,51
191.43284392356873,190889,2049,2048,478,-1,0.01,0.002,5095,51
191.54284620285034,190999,2059,2048,477,-11,0.01,0.002,5084,51
191.65301251411438,191109,2037,2048,478,11,0.01,0.002,5107,51
191.7631676197052,191219,2065,2048,476,-17,0.01,0.002,5078,51
191.87231349945068,191329,2035,2048,477,13,0.01,0.002,5109,51
191.98296856880188,191439,2066,2048,475,-18,0.01,0.002,5077,51
192.09278321266174,191549,2054,2048,475,-6,0.01,0.002,5089,51
192.2027940750122,191659,2061,2048,474,-13,0.01,0.002,5082,51
192.31279182434082,191769,2036,2048,475,12,0.01,0.002,5107,51
192.422789812088,191879,2068,2048,473,-20,0.01,0.002,5075,51
192.5328288078308,191989,2032,2048,474,16,0.01,0.002,5111,51
192.64282751083374,192099,2067,2048,472,-19,0.01,0.002,5076,51
192.75282502174377,192209,2036,2048,474,12,0.01,0.002,5107,51
192.86289978027344,192319,2067,2048,472,-19,0.01,0.002,5075,51
192.97289776802063,192429,2055,2048,471,-7,0.01,0.002,5087,51
193.08322525024414,192539,2058,2048,470,-10,0.01,0.002,5084,51
193.19322395324707,192649,2035,2048,471,13,0.01,0.002,5107,51
193.30375719070435,192759,2067,2048,469,-19,0.01,0.002,5075,51
193.4127082824707,192869,2032,2048,471,16,0.01,0.002,5110,51
193.52297282218933,192979,2067,2048,469,-19,0.01,0.002,5075,51
193.6329801082611,193089,2032,2048,471,16,0.01,0.002,5110,51
193.74351119995117,193199,2047,2048,471,1,0.01,0.002,5095,51
193.85240173339844,193308,2044,2048,471,4,0.01,0.002,5098,51
193.96141052246094,193417,2046,2048,471,2,0.01,0.002,5096,51
194.07042026519775,193526,2065,2048,470,-17,0.01,0.002,5077,51
194.18041896820068,193636,2036,2048,471,12,0.01,0.002,5106,51
194.29041647911072,193746,2067,2048,469,-19,0.01,0.002,5075,51
194.40088486671448,193856,2031,2048,471,17,0.01,0.002,5111,51
194.510883808136,193966,2048,2048,471,0,0.01,0.002,5094,51
194.61988139152527,194075,2040,2048,472,8,0.01,0.002,5102,51
194.72876477241516,194184,2045,2048,472,3,0.01,0.002,5097,51
194.83776426315308,194293,2044,2048,472,4,0.01,0.002,5099,51
194.94719290733337,194402,2045,2048,473,3,0.01,0.002,5098,51
195.05567407608032,194511,2044,2048,473,4,0.01,0.002,5099,51
195.16469192504883,194620,2063,2048,471,-15,0.01,0.002,5079,51
195.27468943595886,194730,2036,2048,473,12,0.01,0.002,5107,51
195.38474678993225,194840,2067,2048,471,-19,0.01,0.002,5075,51
195.49474477767944,194950,2036,2048,472,12,0.01,0.002,5106,51
195.60525965690613,195060,2067,2048,470,-19,0.01,0.002,5075,51
195.7152578830719,195170,2054,2048,469,-6,0.01,0.002,5088,51
195.82534837722778,195280,2040,2048,470,8,0.01,0.002,5102,51
195.93434643745422,195389,2045,2048,471,3,0.01,0.002,5097,51
196.0425922870636,195498,2041,2048,471,7,0.01,0.002,5101,51
196.15258979797363,195607,2062,2048,470,-14,0.01,0.002,5080,51
196.26213383674622,195717,2036,2048,471,12,0.01,0.002,5106,51
196.372132062912,195827,2048,2048,471,0,0.01,0.002,5094,51
196.5091414451599,195936,2039,2048,472,9,0.01,0.002,5103,51
196.5900514125824,196045,2063,2048,470,-15,0.01,0.002,5079,51
196.7003960609436,196155,2054,2048,470,-6,0.01,0.002,5088,51
196.81039834022522,196265,2040,2048,471,8,0.01,0.002,5102,51
196.91939210891724,196374,2044,2048,471,4,0.01,0.002,5098,51
197.0283908843994,196483,2043,2048,472,5,0.01,0.002,5099,51
197.1374590396881,196592,2063,2048,470,-15,0.01,0.002,5079,51
197.2474570274353,196702,2036,2048,471,12,0.01,0.002,5106,51
197.3569619655609,196812,2048,2048,471,0,0.01,0.002,5094,51
197.46595978736877,196921,2040,2048,472,8,0.01,0.002,5103,51
197.57596158981323,197030,2044,2048,472,4,0.01,0.002,5099,51
197.72646403312683,197139,2064,2048,471,-16,0.01,0.002,5078,51
197.7949733734131,197249,2036,2048,472,12,0.01,0.002,5107,51
197.9044828414917,197359,2068,2048,470,-20,0.01,0.002,5074,51
198.01452589035034,197469,2051,2048,470,-3,0.01,0.002,5091,51
198.12516570091248,197579,2061,2048,468,-13,0.01,0.002,5081,51
198.23482704162598,197689,2036,2048,470,12,0.01,0.002,5106,51
198.3453028202057,197799,2067,2048,468,-19,0.01,0.002,5075,51
198.4548842906952,197909,2036,2048,469,12,0.01,0.002,5106,51
198.5653874874115,198019,2049,2048,469,-1,0.01,0.002,5093,51
198.6753613948822,198129,2039,2048,470,9,0.01,0.002,5103,51
198.7839150428772,198238,2047,2048,470,1,0.01,0.002,5095,51
198.89341759681702,198347,2045,2048,470,3,0.01,0.002,5097,51
