time_s,adc,target,integral,error,kp,ki,output_x100,duty
0.0,2053,2048,240,-5,0.01,0.002,5043,50
0.08509325981140137,2047,2048,240,1,0.01,0.002,5049,50
0.11009478569030762,2049,2048,240,-1,0.01,0.002,5047,50
0.13509321212768555,2051,2048,240,-3,0.01,0.002,5045,50
0.22259521484375,2051,2048,239,-3,0.01,0.002,5045,50
0.3305959701538086,2047,2048,239,1,0.01,0.002,5049,50
0.43863654136657715,2051,2048,239,-3,0.01,0.002,5045,50
0.5469751358032227,2044,2048,239,4,0.01,0.002,5052,51
0.6553795337677002,2049,2048,239,-1,0.01,0.002,5047,50
0.9428775310516357,2157,2048,-10,-109,0.01,0.002,4889,49
1.0503690242767334,1964,2048,-2,84,0.01,0.002,5084,51
1.1588280200958252,2039,2048,-1,9,0.01,0.002,5009,50
1.2668068408966064,2012,2048,2,36,0.01,0.002,5036,50
1.374298095703125,2040,2048,2,8,0.01,0.002,5009,50
1.4823997020721436,2029,2048,4,19,0.01,0.002,5020,50
1.590383529663086,2017,2048,7,31,0.01,0.002,5033,50
1.699125051498413,2021,2048,10,27,0.01,0.002,5029,50
1.8070969581604004,2037,2048,11,11,0.01,0.002,5013,50
1.9150967597961426,2009,2048,15,39,0.01,0.002,5042,50
2.0228137969970703,2025,2048,17,23,0.01,0.002,5027,50
2.131068706512451,2020,2048,20,28,0.01,0.002,5032,50
2.238776683807373,2018,2048,23,30,0.01,0.002,5035,50
2.346684217453003,2019,2048,26,29,0.01,0.002,5034,50
2.4549622535705566,2021,2048,29,27,0.01,0.002,5033,50
2.5629642009735107,2016,2048,32,32,0.01,0.002,5038,50
2.6710758209228516,2022,2048,34,26,0.01,0.002,5033,50
2.7792935371398926,2020,2048,37,28,0.01,0.002,5036,50
2.8872933387756348,2023,2048,40,25,0.01,0.002,5033,50
2.995293617248535,2018,2048,43,30,0.01,0.002,5039,50
3.1032955646514893,2024,2048,45,24,0.01,0.002,5033,50
3.211833953857422,2025,2048,47,23,0.01,0.002,5033,50
3.3195159435272217,2018,2048,50,30,0.01,0.002,5040,50
3.4277520179748535,2025,2048,53,23,0.01,0.002,5034,50
3.535205364227295,2021,2048,55,27,0.01,0.002,5038,50
3.6436173915863037,2024,2048,58,24,0.01,0.002,5036,50
3.7519116401672363,2028,2048,60,20,0.01,0.002,5032,50
3.859957695007324,2014,2048,63,34,0.01,0.002,5047,50
3.9681215286254883,2028,2048,65,20,0.01,0.002,5033,50
4.0757176876068115,2020,2048,68,28,0.01,0.002,5042,50
4.183996200561523,2042,2048,69,6,0.01,0.002,5020,50
4.291407585144043,2015,2048,72,33,0.01,0.002,5048,50
4.399562120437622,2028,2048,74,20,0.01,0.002,5035,50
4.507652044296265,2018,2048,77,30,0.01,0.002,5046,50
4.61578893661499,2027,2048,79,21,0.01,0.002,5037,50
4.72357964515686,2024,2048,82,24,0.01,0.002,5040,50
4.831579208374023,2023,2048,84,25,0.01,0.002,5042,50
4.939593076705933,2041,2048,85,7,0.01,0.002,5024,50
5.047593593597412,2018,2048,88,30,0.01,0.002,5048,50
5.156221151351929,2028,2048,90,20,0.01,0.002,5038,50
5.263855934143066,2024,2048,92,24,0.01,0.002,5043,50
5.371870279312134,2023,2048,95,25,0.01,0.002,5044,50
5.479899168014526,2039,2048,96,9,0.01,0.002,5028,50
5.588735103607178,2020,2048,98,28,0.01,0.002,5048,50
5.696334362030029,2027,2048,100,21,0.01,0.002,5041,50
5.80433464050293,2023,2048,103,25,0.01,0.002,5046,50
5.9124040603637695,2025,2048,105,23,0.01,0.002,5044,50
6.020404100418091,2022,2048,108,26,0.01,0.002,5048,50
6.128816843032837,2026,2048,110,22,0.01,0.002,5044,50
6.236837148666382,2023,2048,113,25,0.01,0.002,5048,50
6.344836950302124,2023,2048,115,25,0.01,0.002,5048,50
6.453023910522461,2027,2048,117,21,0.01,0.002,5045,50
6.560946941375732,2023,2048,120,25,0.01,0.002,5049,50
6.6682960987091064,2027,2048,122,21,0.01,0.002,5045,50
6.776296138763428,2025,2048,124,23,0.01,0.002,5048,50
6.88487696647644,2030,2048,126,18,0.01,0.002,5043,50
6.992941856384277,2021,2048,129,27,0.01,0.002,5053,51
7.1009416580200195,2026,2048,131,22,0.01,0.002,5048,50
7.209152698516846,2030,2048,133,18,0.01,0.002,5045,50
7.317152738571167,2021,2048,135,27,0.01,0.002,5054,51
7.425196886062622,2028,2048,137,20,0.01,0.002,5048,50
7.5331971645355225,2029,2048,139,19,0.01,0.002,5047,50
7.641196966171265,2028,2048,141,20,0.01,0.002,5048,50
7.749197721481323,2029,2048,143,19,0.01,0.002,5048,50
7.85713529586792,2026,2048,145,22,0.01,0.002,5051,51
7.965135335922241,2030,2048,147,18,0.01,0.002,5048,50
8.07313585281372,2027,2048,149,21,0.01,0.002,5051,51
8.181416034698486,2027,2048,151,21,0.01,0.002,5051,51
8.288800477981567,2028,2048,153,20,0.01,0.002,5051,51
8.396882772445679,2025,2048,156,23,0.01,0.002,5054,51
8.504875183105469,2030,2048,157,18,0.01,0.002,5050,50
8.612805604934692,2027,2048,159,21,0.01,0.002,5053,51
8.72096848487854,2028,2048,161,20,0.01,0.002,5052,51
8.828858137130737,2030,2048,163,18,0.01,0.002,5051,51
8.937198877334595,2026,2048,165,22,0.01,0.002,5055,51
9.04507851600647,2033,2048,167,15,0.01,0.002,5048,50
9.152992725372314,2026,2048,169,22,0.01,0.002,5056,51
9.261439800262451,2033,2048,171,15,0.01,0.002,5049,50
9.369439840316772,2027,2048,173,21,0.01,0.002,5056,51
9.477758169174194,2034,2048,174,14,0.01,0.002,5049,50
9.585427045822144,2028,2048,176,20,0.01,0.002,5055,51
9.693427324295044,2032,2048,178,16,0.01,0.002,5052,51
9.801266431808472,2026,2048,180,22,0.01,0.002,5058,51
9.909772396087646,2033,2048,181,15,0.01,0.002,5051,51
10.017512559890747,2027,2048,184,21,0.01,0.002,5058,51
10.12533164024353,2032,2048,185,16,0.01,0.002,5053,51
10.23383903503418,2029,2048,187,19,0.01,0.002,5057,51
10.341839790344238,2035,2048,188,13,0.01,0.002,5051,51
10.44983959197998,2028,2048,190,20,0.01,0.002,5058,51
10.557421922683716,2032,2048,192,16,0.01,0.002,5054,51
10.665489196777344,2028,2048,194,20,0.01,0.002,5059,51
10.773488283157349,2032,2048,196,16,0.01,0.002,5055,51
10.881524085998535,2030,2048,197,18,0.01,0.002,5058,51
10.99052357673645,2032,2400,234,368,0.01,0.002,5415,54
11.099524021148682,2188,2400,255,212,0.01,0.002,5263,53
11.208523988723755,2130,2400,282,270,0.01,0.002,5327,53
11.317134380340576,2156,2400,307,244,0.01,0.002,5305,53
11.42634129524231,2147,2400,332,253,0.01,0.002,5320,53
11.535685062408447,2150,2400,357,250,0.01,0.002,5322,53
11.6446852684021,2169,2400,380,231,0.01,0.002,5307,53
11.753684282302856,2148,2400,405,252,0.01,0.002,5333,53
11.862684965133667,2157,2400,430,243,0.01,0.002,5329,53
11.971092700958252,2157,2400,454,243,0.01,0.002,5334,53
12.080607175827026,2175,2400,476,225,0.01,0.002,5320,53
12.189890146255493,2178,2400,499,222,0.01,0.002,5322,53
12.298890113830566,2153,2400,523,247,0.01,0.002,5352,54
12.40790319442749,2165,2400,547,235,0.01,0.002,5344,53
12.51636266708374,2178,2400,569,222,0.01,0.002,5336,53
12.625362634658813,2163,2400,593,237,0.01,0.002,5356,54
12.734365940093994,2167,2400,616,233,0.01,0.002,5356,54
12.843378782272339,2172,2400,639,228,0.01,0.002,5356,54
12.952378749847412,2168,2400,662,232,0.01,0.002,5365,54
13.061396598815918,2187,2400,683,213,0.01,0.002,5350,53
13.17091417312622,2183,2400,705,217,0.01,0.002,5358,54
13.279914140701294,2173,2400,728,227,0.01,0.002,5373,54
13.388943433761597,2174,2400,750,226,0.01,0.002,5376,54
13.497943639755249,2177,2400,773,223,0.01,0.002,5378,54
13.606946229934692,2179,2400,795,221,0.01,0.002,5380,54
13.715944051742554,2194,2400,815,206,0.01,0.002,5369,54
13.824943780899048,2173,2400,838,227,0.01,0.002,5395,54
13.933943748474121,2182,2400,860,218,0.01,0.002,5390,54
14.043038368225098,2199,2400,880,201,0.01,0.002,5377,54
14.152662515640259,2177,2400,902,223,0.01,0.002,5404,54
14.261675834655762,2185,2400,924,215,0.01,0.002,5400,54
14.370715856552124,2199,2400,944,201,0.01,0.002,5390,54
14.4795241355896,2181,2400,966,219,0.01,0.002,5412,54
14.587944269180298,2189,2400,987,211,0.01,0.002,5408,54
14.697019100189209,2190,2400,1008,210,0.01,0.002,5412,54
14.80558156967163,2205,2400,1027,195,0.01,0.002,5401,54
14.914580821990967,2184,2400,1049,216,0.01,0.002,5426,54
15.024089336395264,2199,2400,1069,201,0.01,0.002,5415,54
15.133068323135376,2191,2400,1090,209,0.01,0.002,5427,54
15.24206805229187,2199,2400,1110,201,0.01,0.002,5423,54
15.351110458374023,2193,2400,1131,207,0.01,0.002,5433,54
15.460110664367676,2198,2400,1151,202,0.01,0.002,5432,54
15.568633079528809,2196,2400,1171,204,0.01,0.002,5438,54
15.677631855010986,2197,2400,1192,203,0.01,0.002,5441,54
15.786647319793701,2200,2400,1212,200,0.01,0.002,5442,54
15.896155595779419,2217,2400,1230,183,0.01,0.002,5429,54
16.00522494316101,2196,2400,1250,204,0.01,0.002,5454,55
16.114222288131714,2204,2400,1270,196,0.01,0.002,5450,55
16.223486185073853,2221,2400,1288,179,0.01,0.002,5437,54
16.331843376159668,2220,2400,1306,180,0.01,0.002,5441,54
16.441753149032593,2201,2400,1326,199,0.01,0.002,5464,55
16.550753116607666,2205,2400,1345,195,0.01,0.002,5464,55
16.65975260734558,2208,2400,1364,192,0.01,0.002,5465,55
16.768813371658325,2209,2400,1383,191,0.01,0.002,5468,55
16.8778133392334,2211,2400,1402,189,0.01,0.002,5470,55
16.986663341522217,2213,2400,1421,187,0.01,0.002,5471,55
17.095361948013306,2212,2400,1440,188,0.01,0.002,5476,55
17.204373836517334,2218,2400,1458,182,0.01,0.002,5474,55
17.313374042510986,2214,2400,1477,186,0.01,0.002,5481,55
17.42237377166748,2218,2400,1495,182,0.01,0.002,5481,55
17.531419277191162,2216,2400,1513,184,0.01,0.002,5487,55
17.64050555229187,2238,2400,1529,162,0.01,0.002,5468,55
17.749537706375122,2213,2400,1548,187,0.01,0.002,5497,55
17.858738660812378,2225,2400,1566,175,0.01,0.002,5488,55
17.967344999313354,2237,2400,1582,163,0.01,0.002,5480,55
18.076346397399902,2218,2400,1600,182,0.01,0.002,5502,55
18.18538999557495,2228,2400,1617,172,0.01,0.002,5496,55
18.294389963150024,2243,2400,1633,157,0.01,0.002,5484,55
18.4034366607666,2217,2400,1651,183,0.01,0.002,5513,55
18.512781858444214,2230,2400,1668,170,0.01,0.002,5504,55
18.621918439865112,2243,2400,1684,157,0.01,0.002,5494,55
18.731173038482666,2221,2400,1702,179,0.01,0.002,5520,55
18.8400981426239,2235,2400,1718,165,0.01,0.002,5509,55
18.949140787124634,2246,2400,1734,154,0.01,0.002,5501,55
19.05768632888794,2226,2400,1751,174,0.01,0.002,5524,55
19.167194604873657,2234,2400,1768,166,0.01,0.002,5520,55
19.276220321655273,2236,2400,1784,164,0.01,0.002,5521,55
19.385263204574585,2235,2400,1801,165,0.01,0.002,5525,55
19.49439787864685,2239,2400,1817,161,0.01,0.002,5524,55
19.603744745254517,2235,2400,1833,165,0.01,0.002,5532,55
19.711984872817993,2236,2400,1850,164,0.01,0.002,5534,55
19.821281909942627,2235,2400,1866,165,0.01,0.002,5538,55
19.93028211593628,2241,2400,1882,159,0.01,0.002,5536,55
20.03928232192993,2258,2400,1896,142,0.01,0.002,5521,55
20.148309469223022,2234,2400,1913,166,0.01,0.002,5549,55
20.257336854934692,2249,2400,1928,151,0.01,0.002,5537,55
20.366061687469482,2259,2400,1942,141,0.01,0.002,5530,55
20.47508931159973,2238,2400,1958,162,0.01,0.002,5554,56
20.5847065448761,2245,2400,1974,155,0.01,0.002,5550,55
20.693342208862305,2261,2400,1988,139,0.01,0.002,5537,55
20.802674293518066,2256,2400,2002,144,0.01,0.002,5545,55
20.911678075790405,2259,2400,2016,141,0.01,0.002,5544,55
21.020442247390747,2241,2400,2032,159,0.01,0.002,5566,56
21.12967586517334,2251,2400,2047,149,0.01,0.002,5559,56
21.239022254943848,2248,2400,2062,152,0.01,0.002,5565,56
21.34802222251892,2246,2400,2078,154,0.01,0.002,5570,56
21.45702314376831,2253,2400,2092,147,0.01,0.002,5566,56
21.56609559059143,2254,2400,2107,146,0.01,0.002,5568,56
21.675114631652832,2253,2400,2122,147,0.01,0.002,5571,56
21.784116506576538,2253,2400,2136,147,0.01,0.002,5574,56
21.893380641937256,2251,2400,2151,149,0.01,0.002,5579,56
22.002379894256592,2259,2400,2165,141,0.01,0.002,5574,56
22.11138081550598,2270,2400,2178,130,0.01,0.002,5566,56
22.220413208007812,2267,2400,2192,133,0.01,0.002,5571,56
22.329413890838623,2253,2400,2206,147,0.01,0.002,5588,56
22.438470363616943,2277,2400,2219,123,0.01,0.002,5567,56
22.547470569610596,2268,2400,2232,132,0.01,0.002,5578,56
22.656469583511353,2257,2400,2246,143,0.01,0.002,5592,56
22.765730142593384,2275,2400,2259,125,0.01,0.002,5577,56
22.874226808547974,2273,2400,2271,127,0.01,0.002,5581,56
22.98322582244873,2273,2400,2284,127,0.01,0.002,5584,56
23.092227935791016,2259,2400,2298,141,0.01,0.002,5601,56
23.20126700401306,2266,2400,2312,134,0.01,0.002,5596,56
23.310267210006714,2265,2400,2325,135,0.01,0.002,5600,56
23.419267892837524,2280,2400,2337,120,0.01,0.002,5588,56
23.528355360031128,2277,2400,2349,123,0.01,0.002,5593,56
23.6373553276062,2278,2400,2362,122,0.01,0.002,5594,56
23.746355533599854,2262,2400,2375,138,0.01,0.002,5613,56
23.855355739593506,2267,2400,2389,133,0.01,0.002,5611,56
23.964391231536865,2270,2400,2402,130,0.01,0.002,5610,56
24.073391437530518,2270,2400,2415,130,0.01,0.002,5613,56
24.183133363723755,2268,2400,2428,132,0.01,0.002,5618,56
24.292133331298828,2272,2400,2441,128,0.01,0.002,5616,56
24.40052628517151,2274,2400,2453,126,0.01,0.002,5617,56
24.510494232177734,2274,2400,2466,126,0.01,0.002,5619,56
24.61949634552002,2272,2400,2479,128,0.01,0.002,5624,56
24.728115558624268,2273,2400,2491,127,0.01,0.002,5625,56
24.836581707000732,2277,2400,2504,123,0.01,0.002,5624,56
24.945582151412964,2271,2400,2517,129,0.01,0.002,5632,56
25.05558156967163,2293,2400,2527,107,0.01,0.002,5613,56
25.164582014083862,2285,2400,2539,115,0.01,0.002,5623,56
25.273089170455933,2276,2400,2551,124,0.01,0.002,5634,56
25.382089853286743,2277,2400,2563,123,0.01,0.002,5636,56
25.491090059280396,2298,2400,2574,102,0.01,0.002,5617,56
25.600645065307617,2272,2400,2586,128,0.01,0.002,5645,56
25.70954418182373,2303,2400,2596,97,0.01,0.002,5616,56
25.81854510307312,2274,2400,2609,126,0.01,0.002,5648,56
25.927544116973877,2287,2400,2620,113,0.01,0.002,5637,56
26.03677988052368,2283,2400,2632,117,0.01,0.002,5643,56
26.14574360847473,2299,2400,2642,101,0.01,0.002,5629,56
26.254743337631226,2274,2400,2654,126,0.01,0.002,5657,57
26.363815307617188,2289,2400,2666,111,0.01,0.002,5644,56
26.47281527519226,2297,2400,2676,103,0.01,0.002,5638,56
26.581328868865967,2282,2400,2688,118,0.01,0.002,5656,57
26.690329790115356,2290,2400,2699,110,0.01,0.002,5650,56
26.799328804016113,2286,2400,2710,114,0.01,0.002,5656,57
26.909099340438843,2290,2400,2721,110,0.01,0.002,5654,57
27.018099069595337,2286,2400,2732,114,0.01,0.002,5661,57
27.126607656478882,2289,2400,2744,111,0.01,0.002,5660,57
27.236095666885376,2289,2400,2755,111,0.01,0.002,5662,57
27.345094203948975,2290,2400,2766,110,0.01,0.002,5663,57
27.454094171524048,2290,2400,2777,110,0.01,0.002,5665,57
27.562891006469727,2291,2400,2788,109,0.01,0.002,5667,57
27.672311067581177,2295,2400,2798,105,0.01,0.002,5665,57
27.780783653259277,2288,2400,2809,112,0.01,0.002,5674,57
27.88978362083435,2293,2400,2820,107,0.01,0.002,5671,57
27.998784065246582,2294,2400,2831,106,0.01,0.002,5672,57
28.107898712158203,2294,2400,2841,106,0.01,0.002,5674,57
28.216934204101562,2294,2400,2852,106,0.01,0.002,5676,57
28.32593274116516,2297,2400,2862,103,0.01,0.002,5676,57
28.434983253479004,2302,2400,2872,98,0.01,0.002,5672,57
28.543983221054077,2309,2400,2881,91,0.01,0.002,5667,57
28.65398335456848,2295,2400,2892,105,0.01,0.002,5683,57
28.762204885482788,2300,2400,2902,100,0.01,0.002,5680,57
28.87120509147644,2315,2400,2910,85,0.01,0.002,5667,57
28.97988748550415,2293,2400,2921,107,0.01,0.002,5691,57
29.088922023773193,2300,2400,2931,100,0.01,0.002,5686,57
29.197219610214233,2300,2400,2941,100,0.01,0.002,5688,57
29.306666612625122,2302,2400,2951,98,0.01,0.002,5688,57
29.415666580200195,2299,2400,2961,101,0.01,0.002,5693,57
29.52466654777527,2300,2400,2971,100,0.01,0.002,5694,57
29.633666515350342,2314,2400,2979,86,0.01,0.002,5682,57
29.742666721343994,2296,2400,2990,104,0.01,0.002,5702,57
29.851670503616333,2304,2400,2999,96,0.01,0.002,5696,57
29.960919618606567,2303,2400,3009,97,0.01,0.002,5699,57
30.06991982460022,2305,2400,3018,95,0.01,0.002,5699,57
30.178428888320923,2319,2400,3027,81,0.01,0.002,5686,57
30.287428855895996,2301,2400,3036,99,0.01,0.002,5706,57
30.39744758605957,2310,2400,3045,90,0.01,0.002,5699,57
30.506448984146118,2305,2400,3055,95,0.01,0.002,5706,57
30.615466117858887,2309,2400,3064,91,0.01,0.002,5704,57
30.72346544265747,2306,2400,3073,94,0.01,0.002,5709,57
30.831761121749878,2325,2400,3081,75,0.01,0.002,5691,57
30.941203355789185,2302,2400,3091,98,0.01,0.002,5716,57
31.04930090904236,2313,2048,3064,-265,0.01,0.002,5348,53
31.15834069252014,2166,2048,3052,-118,0.01,0.002,5493,55
31.267340421676636,2239,2048,3033,-191,0.01,0.002,5416,54
31.37684440612793,2192,2048,3019,-144,0.01,0.002,5460,55
31.485844612121582,2211,2048,3003,-163,0.01,0.002,5438,54
31.594844579696655,2204,2048,2987,-156,0.01,0.002,5442,54
31.70384454727173,2202,2048,2972,-154,0.01,0.002,5440,54
31.813130378723145,2203,2048,2956,-155,0.01,0.002,5436,54
31.922131538391113,2218,2048,2939,-170,0.01,0.002,5418,54
32.03113126754761,2192,2048,2925,-144,0.01,0.002,5441,54
32.140180587768555,2203,2048,2909,-155,0.01,0.002,5427,54
32.24932670593262,2200,2048,2894,-152,0.01,0.002,5427,54
32.35832738876343,2196,2048,2879,-148,0.01,0.002,5428,54
32.46760439872742,2199,2048,2864,-151,0.01,0.002,5422,54
32.5763943195343,2210,2048,2848,-162,0.01,0.002,5408,54
32.68539381027222,2189,2048,2834,-141,0.01,0.002,5426,54
32.794434547424316,2197,2048,2819,-149,0.01,0.002,5415,54
32.90343427658081,2190,2048,2805,-142,0.01,0.002,5419,54
33.01243543624878,2192,2048,2790,-144,0.01,0.002,5414,54
33.12099766731262,2191,2048,2776,-143,0.01,0.002,5412,54
33.229997873306274,2204,2048,2760,-156,0.01,0.002,5396,54
33.3395037651062,2184,2048,2747,-136,0.01,0.002,5413,54
33.44850397109985,2188,2048,2733,-140,0.01,0.002,5407,54
33.55750107765198,2190,2048,2719,-142,0.01,0.002,5402,54
33.66649913787842,2186,2048,2705,-138,0.01,0.002,5403,54
33.77549934387207,2183,2048,2691,-135,0.01,0.002,5403,54
33.88459873199463,2186,2048,2678,-138,0.01,0.002,5398,54
33.9935986995697,2200,2048,2662,-152,0.01,0.002,5381,54
34.102917194366455,2177,2048,2649,-129,0.01,0.002,5401,54
34.2112877368927,2183,2048,2636,-135,0.01,0.002,5392,54
34.32034349441528,2183,2048,2622,-135,0.01,0.002,5390,54
34.43034362792969,2183,2048,2609,-135,0.01,0.002,5387,54
34.53943061828613,2183,2048,2595,-135,0.01,0.002,5384,54
34.64843130111694,2178,2048,2582,-130,0.01,0.002,5387,54
34.756431102752686,2181,2048,2569,-133,0.01,0.002,5381,54
34.86545157432556,2177,2048,2556,-129,0.01,0.002,5382,54
34.975451707839966,2195,2048,2542,-147,0.01,0.002,5361,54
35.08398509025574,2170,2048,2529,-122,0.01,0.002,5384,54
35.19298505783081,2179,2048,2516,-131,0.01,0.002,5372,54
35.30200409889221,2173,2048,2504,-125,0.01,0.002,5376,54
35.41102933883667,2194,2048,2489,-146,0.01,0.002,5352,54
35.52002930641174,2175,2048,2476,-127,0.01,0.002,5368,54
35.629342794418335,2189,2048,2462,-141,0.01,0.002,5352,54
35.738343238830566,2165,2048,2451,-117,0.01,0.002,5373,54
35.8467755317688,2174,2048,2438,-126,0.01,0.002,5362,54
35.956775426864624,2171,2048,2426,-123,0.01,0.002,5362,54
36.065815687179565,2170,2048,2414,-122,0.01,0.002,5361,54
36.1748149394989,2171,2048,2401,-123,0.01,0.002,5357,54
36.283814907073975,2169,2048,2389,-121,0.01,0.002,5357,54
36.39281463623047,2186,2048,2375,-138,0.01,0.002,5337,53
36.50165152549744,2162,2048,2364,-114,0.01,0.002,5359,54
36.61075162887573,2169,2048,2352,-121,0.01,0.002,5349,53
36.719751834869385,2164,2048,2340,-116,0.01,0.002,5352,54
36.82875156402588,2165,2048,2329,-117,0.01,0.002,5349,53
36.93779945373535,2167,2048,2317,-119,0.01,0.002,5344,53
37.04687690734863,2179,2048,2304,-131,0.01,0.002,5330,53
37.15587663650513,2159,2048,2292,-111,0.01,0.002,5348,53
37.26515007019043,2166,2048,2281,-118,0.01,0.002,5338,53
37.37352132797241,2164,2048,2269,-116,0.01,0.002,5338,53
37.48302912712097,2162,2048,2258,-114,0.01,0.002,5338,53
37.592029094696045,2162,2048,2246,-114,0.01,0.002,5335,53
37.70102906227112,2164,2048,2235,-116,0.01,0.002,5331,53
37.80957388877869,2159,2048,2223,-111,0.01,0.002,5334,53
37.91896033287048,2159,2048,2212,-111,0.01,0.002,5332,53
38.027973890304565,2159,2048,2201,-111,0.01,0.002,5329,53
38.13700461387634,2157,2048,2190,-109,0.01,0.002,5329,53
38.24600529670715,2157,2048,2179,-109,0.01,0.002,5327,53
38.35500478744507,2159,2048,2168,-111,0.01,0.002,5323,53
38.46381711959839,2152,2048,2158,-104,0.01,0.002,5328,53
38.572869539260864,2160,2048,2147,-112,0.01,0.002,5317,53
38.68186950683594,2154,2048,2136,-106,0.01,0.002,5321,53
38.7909152507782,2169,2048,2124,-121,0.01,0.002,5304,53
38.900171995162964,2146,2048,2114,-98,0.01,0.002,5325,53
39.009493350982666,2154,2048,2104,-106,0.01,0.002,5315,53
39.11849355697632,2150,2048,2093,-102,0.01,0.002,5317,53
39.22749352455139,2155,2048,2083,-107,0.01,0.002,5310,53
39.33695435523987,2150,2048,2073,-102,0.01,0.002,5313,53
39.445955991744995,2165,2048,2061,-117,0.01,0.002,5295,53
39.55497193336487,2148,2048,2051,-100,0.01,0.002,5310,53
39.66412377357483,2153,2048,2040,-105,0.01,0.002,5303,53
39.77212357521057,2147,2048,2030,-99,0.01,0.002,5307,53
39.88215708732605,2168,2048,2018,-120,0.01,0.002,5284,53
39.9911572933197,2137,2048,2010,-89,0.01,0.002,5313,53
40.099613666534424,2150,2048,1999,-102,0.01,0.002,5298,53
40.20872402191162,2149,2048,1989,-101,0.01,0.002,5297,53
40.317824840545654,2145,2048,1980,-97,0.01,0.002,5299,53
40.42682147026062,2165,2048,1968,-117,0.01,0.002,5277,53
40.53619861602783,2138,2048,1959,-90,0.01,0.002,5302,53
40.64554047584534,2164,2048,1947,-116,0.01,0.002,5274,53
40.75357437133789,2134,2048,1939,-86,0.01,0.002,5302,53
40.86359906196594,2148,2048,1929,-100,0.01,0.002,5286,53
40.972618103027344,2143,2048,1919,-95,0.01,0.002,5289,53
41.08168315887451,2142,2048,1910,-94,0.01,0.002,5288,53
41.19068241119385,2159,2048,1899,-111,0.01,0.002,5269,53
41.29876947402954,2133,2048,1890,-85,0.01,0.002,5293,53
41.40876841545105,2159,2048,1879,-111,0.01,0.002,5265,53
41.5177686214447,2134,2048,1870,-86,0.01,0.002,5288,53
41.626819372177124,2158,2048,1859,-110,0.01,0.002,5262,53
41.735819816589355,2132,2048,1851,-84,0.01,0.002,5286,53
41.84481906890869,2158,2048,1840,-110,0.01,0.002,5258,53
41.953819036483765,2130,2048,1832,-82,0.01,0.002,5284,53
42.062864780426025,2154,2048,1821,-106,0.01,0.002,5258,53
42.172024726867676,2130,2048,1813,-82,0.01,0.002,5281,53
42.280457496643066,2155,2048,1802,-107,0.01,0.002,5254,53
42.38945722579956,2125,2048,1795,-77,0.01,0.002,5282,53
42.49847340583801,2154,2048,1784,-106,0.01,0.002,5251,53
42.60747408866882,2124,2048,1777,-76,0.01,0.002,5279,53
42.716474533081055,2140,2048,1767,-92,0.01,0.002,5262,53
42.825472831726074,2131,2048,1759,-83,0.01,0.002,5269,53
42.934980630874634,2135,2048,1750,-87,0.01,0.002,5263,53
43.04398059844971,2133,2048,1742,-85,0.01,0.002,5263,53
43.15278172492981,2147,2048,1732,-99,0.01,0.002,5247,52
43.26178169250488,2125,2048,1724,-77,0.01,0.002,5268,53
43.37081813812256,2153,2048,1714,-105,0.01,0.002,5238,52
43.47981834411621,2122,2048,1706,-74,0.01,0.002,5267,53
43.58930420875549,2152,2048,1696,-104,0.01,0.002,5235,52
43.698304176330566,2124,2048,1688,-76,0.01,0.002,5262,53
43.807090520858765,2147,2048,1678,-99,0.01,0.002,5237,52
43.9158775806427,2121,2048,1671,-73,0.01,0.002,5261,53
44.02568459510803,2145,2048,1661,-97,0.01,0.002,5235,52
44.134684801101685,2121,2048,1654,-73,0.01,0.002,5258,53
44.24372458457947,2130,2048,1646,-82,0.01,0.002,5247,52
44.35272431373596,2126,2048,1638,-78,0.01,0.002,5250,52
44.46172595024109,2143,2048,1629,-95,0.01,0.002,5231,52
44.57072424888611,2120,2048,1621,-72,0.01,0.002,5252,53
44.67972683906555,2140,2048,1612,-92,0.01,0.002,5231,52
44.788724422454834,2118,2048,1605,-70,0.01,0.002,5251,53
44.89772343635559,2143,2048,1596,-95,0.01,0.002,5224,52
45.0067241191864,2113,2048,1589,-65,0.01,0.002,5253,53
45.115724325180054,2144,2048,1580,-96,0.01,0.002,5220,52
45.22472405433655,2114,2048,1573,-66,0.01,0.002,5249,52
45.3337242603302,2144,2048,1563,-96,0.01,0.002,5217,52
45.44292616844177,2114,2048,1557,-66,0.01,0.002,5245,52
45.55137777328491,2142,2048,1547,-94,0.01,0.002,5216,52
45.6610541343689,2116,2048,1541,-68,0.01,0.002,5240,52
45.77005410194397,2138,2048,1532,-90,0.01,0.002,5216,52
45.87856340408325,2115,2048,1525,-67,0.01,0.002,5238,52
45.98756265640259,2139,2048,1516,-91,0.01,0.002,5212,52
46.09660220146179,2092,2048,1511,-44,0.01,0.002,5258,53
46.20660209655762,2148,2048,1501,-100,0.01,0.002,5200,52
46.31460237503052,2093,2048,1497,-45,0.01,0.002,5254,53
46.42363882064819,2127,2048,1489,-79,0.01,0.002,5219,52
46.5336389541626,2114,2048,1482,-66,0.01,0.002,5231,52
46.64263892173767,2119,2048,1475,-71,0.01,0.002,5224,52
46.75173544883728,2116,2048,1469,-68,0.01,0.002,5226,52
46.86073136329651,2119,2048,1461,-71,0.01,0.002,5221,52
46.96940636634827,2115,2048,1455,-67,0.01,0.002,5224,52
47.07803201675415,2117,2048,1448,-69,0.01,0.002,5221,52
47.18748688697815,2113,2048,1441,-65,0.01,0.002,5223,52
47.29597735404968,2097,2048,1436,-49,0.01,0.002,5238,52
47.40502190589905,2138,2048,1427,-90,0.01,0.002,5196,52
47.5140221118927,2091,2048,1423,-43,0.01,0.002,5242,52
47.623021602630615,2139,2048,1414,-91,0.01,0.002,5192,52
47.73206663131714,2087,2048,1410,-39,0.01,0.002,5243,52
47.84206700325012,2139,2048,1401,-91,0.01,0.002,5189,52
47.95110583305359,2086,2048,1397,-38,0.01,0.002,5242,52
48.06010603904724,2125,2048,1390,-77,0.01,0.002,5201,52
48.169206619262695,2090,2048,1385,-42,0.01,0.002,5235,52
48.27720904350281,2123,2048,1378,-75,0.01,0.002,5201,52
48.38675856590271,2090,2048,1374,-42,0.01,0.002,5233,52
48.495322465896606,2123,2048,1366,-75,0.01,0.002,5198,52
48.60455346107483,2091,2048,1362,-43,0.01,0.002,5229,52
48.71389818191528,2116,2048,1355,-68,0.01,0.002,5203,52
48.82293105125427,2090,2048,1351,-42,0.01,0.002,5228,52
48.931931257247925,2122,2048,1343,-74,0.01,0.002,5195,52
49.040931701660156,2086,2048,1340,-38,0.01,0.002,5230,52
49.150569677352905,2119,2048,1333,-71,0.01,0.002,5196,52
49.25880479812622,2091,2048,1328,-43,0.01,0.002,5223,52
49.36780500411987,2098,2048,1323,-50,0.01,0.002,5215,52
49.47755837440491,2110,2048,1317,-62,0.01,0.002,5202,52
49.58655619621277,2091,2048,1313,-43,0.01,0.002,5220,52
49.695064544677734,2115,2048,1306,-67,0.01,0.002,5194,52
49.803733348846436,2087,2048,1302,-39,0.01,0.002,5222,52
49.913267374038696,2114,2048,1296,-66,0.01,0.002,5193,52
50.02226734161377,2088,2048,1292,-40,0.01,0.002,5218,52
50.13126754760742,2115,2048,1285,-67,0.01,0.002,5190,52
50.24069929122925,2088,2048,1281,-40,0.01,0.002,5216,52
50.34902358055115,2113,2048,1274,-65,0.01,0.002,5190,52
50.458338499069214,2086,2048,1271,-38,0.01,0.002,5216,52
50.567899227142334,2100,2048,1265,-52,0.01,0.002,5201,52
50.676939487457275,2089,2048,1261,-41,0.01,0.002,5211,52
50.785940408706665,2093,2048,1257,-45,0.01,0.002,5206,52
50.895005226135254,2112,2048,1250,-64,0.01,0.002,5186,52
51.00326061248779,2087,2048,1246,-39,0.01,0.002,5210,52
51.11240482330322,2110,2048,1240,-62,0.01,0.002,5186,52
51.22140455245972,2090,2048,1236,-42,0.01,0.002,5205,52
51.33048701286316,2111,2048,1230,-63,0.01,0.002,5183,52
51.43941307067871,2082,2048,1226,-34,0.01,0.002,5211,52
51.549413204193115,2092,2048,1222,-44,0.01,0.002,5200,52
51.65775918960571,2106,2048,1216,-58,0.01,0.002,5185,52
51.7667601108551,2085,2048,1212,-37,0.01,0.002,5206,52
51.87611150741577,2112,2048,1206,-64,0.01,0.002,5177,52
51.98455810546875,2082,2048,1203,-34,0.01,0.002,5207,52
52.09362840652466,2092,2048,1198,-44,0.01,0.002,5196,52
52.20327711105347,2086,2048,1194,-38,0.01,0.002,5201,52
52.31227684020996,2107,2048,1189,-59,0.01,0.002,5179,52
52.421332597732544,2081,2048,1185,-33,0.01,0.002,5204,52
52.5303316116333,2091,2048,1181,-43,0.01,0.002,5193,52
52.63933181762695,2102,2048,1176,-54,0.01,0.002,5181,52
52.74833154678345,2082,2048,1172,-34,0.01,0.002,5201,52
52.85734486579895,2092,2048,1168,-44,0.01,0.002,5190,52
52.9663450717926,2102,2048,1162,-54,0.01,0.002,5179,52
53.07576131820679,2083,2048,1159,-35,0.01,0.002,5197,52
53.18476104736328,2090,2048,1155,-42,0.01,0.002,5189,52
53.29376220703125,2102,2048,1149,-54,0.01,0.002,5176,52
53.40263891220093,2081,2048,1146,-33,0.01,0.002,5196,52
53.51172351837158,2089,2048,1142,-41,0.01,0.002,5187,52
53.6202449798584,2103,2048,1136,-55,0.01,0.002,5172,52
53.72924470901489,2079,2048,1133,-31,0.01,0.002,5196,52
53.83843922615051,2105,2048,1128,-57,0.01,0.002,5169,52
53.947439670562744,2095,2048,1123,-47,0.01,0.002,5178,52
54.05643820762634,2085,2048,1119,-37,0.01,0.002,5187,52
54.16529631614685,2103,2048,1114,-55,0.01,0.002,5168,52
54.274296283721924,2094,2048,1109,-46,0.01,0.002,5176,52
54.38384962081909,2082,2048,1106,-34,0.01,0.002,5187,52
54.493083000183105,2102,2048,1100,-54,0.01,0.002,5166,52
54.60208249092102,2093,2048,1096,-45,0.01,0.002,5174,52
54.711082220077515,2080,2048,1093,-32,0.01,0.002,5187,52
54.82011365890503,2086,2048,1089,-38,0.01,0.002,5180,52
54.92911410331726,2089,2048,1085,-41,0.01,0.002,5176,52
55.0381133556366,2083,2048,1081,-35,0.01,0.002,5181,52
55.14643955230713,2099,2048,1076,-51,0.01,0.002,5164,52
55.25581407546997,2092,2048,1072,-44,0.01,0.002,5170,52
55.364840507507324,2081,2048,1068,-33,0.01,0.002,5181,52
55.473758935928345,2082,2048,1065,-34,0.01,0.002,5179,52
55.58277177810669,2083,2048,1061,-35,0.01,0.002,5177,52
55.691792249679565,2098,2048,1056,-50,0.01,0.002,5161,52
55.80081033706665,2075,2048,1054,-27,0.01,0.002,5184,52
55.91032099723816,2084,2048,1050,-36,0.01,0.002,5174,52
56.01932096481323,2093,2048,1046,-45,0.01,0.002,5164,52
56.1279559135437,2073,2048,1043,-25,0.01,0.002,5184,52
56.23695492744446,2100,2048,1038,-52,0.01,0.002,5156,52
56.345954179763794,2092,2048,1034,-44,0.01,0.002,5163,52
56.45499634742737,2074,2048,1031,-26,0.01,0.002,5180,52
56.56402540206909,2097,2048,1026,-49,0.01,0.002,5156,52
56.673205614089966,2091,2048,1022,-43,0.01,0.002,5161,52
56.78277015686035,2072,2048,1019,-24,0.01,0.002,5180,52
56.89161777496338,2082,2048,1016,-34,0.01,0.002,5169,52
57.00061750411987,2080,2048,1013,-32,0.01,0.002,5171,52
57.110048055648804,2080,2048,1010,-32,0.01,0.002,5170,52
57.219048261642456,2080,2048,1006,-32,0.01,0.002,5169,52
57.32809829711914,2095,2048,1002,-47,0.01,0.002,5153,52
57.436097621917725,2071,2048,999,-23,0.01,0.002,5177,52
57.54519081115723,2098,2048,994,-50,0.01,0.002,5149,51
57.65418982505798,2071,2048,992,-23,0.01,0.002,5176,52
57.76318979263306,2085,2048,988,-37,0.01,0.002,5161,52
57.872227907180786,2075,2048,986,-27,0.01,0.002,5170,52
57.98222780227661,2078,2048,983,-30,0.01,0.002,5167,52
58.09113001823425,2076,2048,980,-28,0.01,0.002,5168,52
58.200130462646484,2078,2048,977,-30,0.01,0.002,5165,52
58.30842995643616,2077,2048,974,-29,0.01,0.002,5166,52
58.41776394844055,2079,2048,971,-31,0.01,0.002,5163,52
58.526763916015625,2075,2048,968,-27,0.01,0.002,5167,52
58.63580060005188,2079,2048,965,-31,0.01,0.002,5162,52
58.745341777801514,2075,2048,962,-27,0.01,0.002,5166,52
58.854341983795166,2079,2048,959,-31,0.01,0.002,5161,52
58.96334195137024,2073,2048,957,-25,0.01,0.002,5166,52
59.07140564918518,2093,2048,952,-45,0.01,0.002,5146,51
59.180405378341675,2067,2048,950,-19,0.01,0.002,5171,52
59.28940558433533,2077,2048,947,-29,0.01,0.002,5161,52
59.397441387176514,2072,2048,945,-24,0.01,0.002,5165,52
59.50644087791443,2080,2048,942,-32,0.01,0.002,5156,52
59.61444091796875,2074,2048,939,-26,0.01,0.002,5162,52
59.72359490394592,2090,2048,935,-42,0.01,0.002,5145,51
59.832683801651,2064,2048,933,-16,0.01,0.002,5171,52
59.9399254322052,2079,2048,930,-31,0.01,0.002,5155,52
60.04953932762146,2075,2048,928,-27,0.01,0.002,5159,52
60.15889000892639,2074,2048,925,-26,0.01,0.002,5159,52
60.26790261268616,2089,2048,921,-41,0.01,0.002,5143,51
60.37648057937622,2066,2048,919,-18,0.01,0.002,5166,52
60.485060930252075,2095,2048,914,-47,0.01,0.002,5136,51
60.59406113624573,2067,2048,913,-19,0.01,0.002,5164,52
60.70306134223938,2076,2048,910,-28,0.01,0.002,5154,52
60.812061071395874,2072,2048,907,-24,0.01,0.002,5158,52
60.92174696922302,2074,2048,905,-26,0.01,0.002,5155,52
61.030746936798096,2074,2048,902,-26,0.01,0.002,5155,52
61.13978838920593,2072,2048,900,-24,0.01,0.002,5156,52
61.247788190841675,2074,2048,897,-26,0.01,0.002,5154,52
61.35683345794678,2088,2048,893,-40,0.01,0.002,5139,51
61.465800046920776,2067,2048,891,-19,0.01,0.002,5159,52
61.575072050094604,2074,2048,889,-26,0.01,0.002,5152,52
61.68400764465332,2069,2048,887,-21,0.01,0.002,5156,52
61.79302096366882,2075,2048,884,-27,0.01,0.002,5150,51
61.9010214805603,2086,2048,880,-38,0.01,0.002,5138,51
62.01002097129822,2066,2048,878,-18,0.01,0.002,5158,52
62.11906099319458,2074,2048,876,-26,0.01,0.002,5149,51
62.22706055641174,2071,2048,873,-23,0.01,0.002,5152,52
62.335060834884644,2070,2048,871,-22,0.01,0.002,5152,52
62.444061040878296,2087,2048,867,-39,0.01,0.002,5135,51
62.55306077003479,2060,2048,866,-12,0.01,0.002,5161,52
62.66206073760986,2074,2048,863,-26,0.01,0.002,5147,51
62.77106070518494,2071,2048,861,-23,0.01,0.002,5149,51
62.88053512573242,2073,2048,859,-25,0.01,0.002,5147,51
62.98877549171448,2069,2048,857,-21,0.01,0.002,5150,52
63.09834003448486,2067,2048,855,-19,0.01,0.002,5152,52
63.20754289627075,2069,2048,853,-21,0.01,0.002,5150,51
63.314948320388794,2086,2048,849,-38,0.01,0.002,5132,51
63.42394828796387,2063,2048,847,-15,0.01,0.002,5155,52
63.53299951553345,2073,2048,845,-25,0.01,0.002,5144,51
63.64199948310852,2064,2048,843,-16,0.01,0.002,5153,52
63.750999450683594,2073,2048,841,-25,0.01,0.002,5143,51
63.860999584198,2065,2048,839,-17,0.01,0.002,5151,52
63.9689998626709,2086,2048,835,-38,0.01,0.002,5129,51
64.07792448997498,2063,2048,834,-15,0.01,0.002,5152,52
64.18692469596863,2088,2048,830,-40,0.01,0.002,5126,51
64.29592442512512,2063,2048,828,-15,0.01,0.002,5151,52
64.40316843986511,2070,2048,826,-22,0.01,0.002,5143,51
64.5124762058258,2067,2048,824,-19,0.01,0.002,5146,51
64.62147617340088,2069,2048,822,-21,0.01,0.002,5143,51
64.72956037521362,2084,2048,818,-36,0.01,0.002,5128,51
64.83758401870728,2063,2048,817,-15,0.01,0.002,5148,51
64.94695448875427,2085,2048,813,-37,0.01,0.002,5126,51
65.05613541603088,2062,2048,812,-14,0.01,0.002,5148,51
65.1641354560852,2071,2048,809,-23,0.01,0.002,5139,51
65.27324557304382,2066,2048,808,-18,0.01,0.002,5144,51
65.38184475898743,2067,2048,806,-19,0.01,0.002,5142,51
65.48984456062317,2088,2048,802,-40,0.01,0.002,5120,51
65.5986716747284,2057,2048,801,-9,0.01,0.002,5151,52
65.70667314529419,2068,2048,799,-20,0.01,0.002,5140,51
65.81567168235779,2066,2048,797,-18,0.01,0.002,5142,51
65.92471504211426,2066,2048,795,-18,0.01,0.002,5141,51
66.03422212600708,2084,2048,792,-36,0.01,0.002,5122,51
66.14322519302368,2065,2048,790,-17,0.01,0.002,5141,51
66.25195717811584,2082,2048,787,-34,0.01,0.002,5123,51
66.36101841926575,2057,2048,786,-9,0.01,0.002,5148,51
66.46908950805664,2068,2048,784,-20,0.01,0.002,5137,51
66.5780611038208,2066,2048,782,-18,0.01,0.002,5138,51
66.68709254264832,2066,2048,780,-18,0.01,0.002,5138,51
66.79609203338623,2067,2048,778,-19,0.01,0.002,5137,51
66.90500831604004,2083,2048,775,-35,0.01,0.002,5120,51
67.01408314704895,2055,2048,774,-7,0.01,0.002,5148,51
67.12208342552185,2070,2048,772,-22,0.01,0.002,5132,51
67.23075079917908,2062,2048,770,-14,0.01,0.002,5140,51
67.33975076675415,2066,2048,769,-18,0.01,0.002,5136,51
67.44860005378723,2067,2048,767,-19,0.01,0.002,5134,51
67.55694532394409,2065,2048,765,-17,0.01,0.002,5136,51
67.66595888137817,2082,2048,762,-34,0.01,0.002,5118,51
67.77500557899475,2056,2048,761,-8,0.01,0.002,5144,51
67.88400650024414,2065,2048,759,-17,0.01,0.002,5135,51
67.9913547039032,2079,2048,756,-31,0.01,0.002,5120,51
68.10098719596863,2058,2048,755,-10,0.01,0.002,5141,51
68.20930886268616,2066,2048,753,-18,0.01,0.002,5133,51
68.31734466552734,2062,2048,752,-14,0.01,0.002,5136,51
68.426344871521,2067,2048,750,-19,0.01,0.002,5131,51
68.53562545776367,2061,2048,749,-13,0.01,0.002,5137,51
68.64462614059448,2067,2048,747,-19,0.01,0.002,5130,51
68.7536690235138,2080,2048,743,-32,0.01,0.002,5117,51
68.86267280578613,2059,2048,742,-11,0.01,0.002,5138,51
68.9716727733612,2068,2048,740,-20,0.01,0.002,5128,51
69.08076524734497,2078,2048,737,-30,0.01,0.002,5118,51
69.18969106674194,2054,2048,737,-6,0.01,0.002,5141,51
69.29769110679626,2071,2048,734,-23,0.01,0.002,5124,51
69.40619611740112,2057,2048,734,-9,0.01,0.002,5138,51
69.51415753364563,2067,2048,732,-19,0.01,0.002,5127,51
69.62285375595093,2075,2048,729,-27,0.01,0.002,5119,51
69.7325484752655,2058,2048,728,-10,0.01,0.002,5136,51
69.84107089042664,2068,2048,726,-20,0.01,0.002,5125,51
69.95000123977661,2064,2048,724,-16,0.01,0.002,5129,51
70.05800127983093,2062,2048,723,-14,0.01,0.002,5131,51
70.16762185096741,2064,2048,721,-16,0.01,0.002,5128,51
70.27517414093018,2078,2048,718,-30,0.01,0.002,5114,51
70.38485908508301,2056,2048,718,-8,0.01,0.002,5136,51
70.49209237098694,2066,2048,716,-18,0.01,0.002,5125,51
70.60172486305237,2078,2048,713,-30,0.01,0.002,5113,51
70.71071362495422,2054,2048,712,-6,0.01,0.002,5137,51
70.81806349754333,2083,2048,709,-35,0.01,0.002,5107,51
70.92782950401306,2058,2048,708,-10,0.01,0.002,5132,51
71.03682923316956,2065,2048,706,-17,0.01,0.002,5124,51
71.14548444747925,2061,2048,705,-13,0.01,0.002,5128,51
71.25474119186401,2062,2048,703,-14,0.01,0.002,5127,51
71.36348962783813,2064,2048,702,-16,0.01,0.002,5124,51
71.47240161895752,2060,2048,700,-12,0.01,0.002,5128,51
71.58140134811401,2080,2048,697,-32,0.01,0.002,5108,51
71.68940138816833,2056,2048,696,-8,0.01,0.002,5131,51
71.7974021434784,2060,2048,695,-12,0.01,0.002,5127,51
71.90640115737915,2062,2048,694,-14,0.01,0.002,5125,51
72.01442861557007,2060,2048,693,-12,0.01,0.002,5127,51
72.12344241142273,2056,2048,692,-8,0.01,0.002,5130,51
72.23168587684631,2063,2048,690,-15,0.01,0.002,5123,51
72.34068560600281,2074,2048,688,-26,0.01,0.002,5112,51
72.44968676567078,2057,2048,687,-9,0.01,0.002,5128,51
72.5569896697998,2062,2048,685,-14,0.01,0.002,5123,51
72.6669852733612,2061,2048,684,-13,0.01,0.002,5124,51
72.7749855518341,2059,2048,683,-11,0.01,0.002,5126,51
72.8833520412445,2064,2048,681,-16,0.01,0.002,5120,51
72.99172496795654,2059,2048,680,-11,0.01,0.002,5125,51
73.09972524642944,2078,2048,677,-30,0.01,0.002,5106,51
73.20878767967224,2055,2048,677,-7,0.01,0.002,5128,51
73.3167884349823,2064,2048,675,-16,0.01,0.002,5119,51
73.4248640537262,2058,2048,674,-10,0.01,0.002,5125,51
73.53337049484253,2076,2048,671,-28,0.01,0.002,5106,51
73.64291548728943,2054,2048,671,-6,0.01,0.002,5128,51
73.7509515285492,2062,2048,669,-14,0.01,0.002,5120,51
73.85895156860352,2075,2048,667,-27,0.01,0.002,5106,51
73.96795153617859,2057,2048,666,-9,0.01,0.002,5124,51
74.07600617408752,2058,2048,665,-10,0.01,0.002,5123,51
74.18500638008118,2058,2048,664,-10,0.01,0.002,5123,51
74.2930064201355,2060,2048,662,-12,0.01,0.002,5121,51
74.40204453468323,2058,2048,661,-10,0.01,0.002,5122,51
74.51142191886902,2059,2048,660,-11,0.01,0.002,5121,51
74.6197874546051,2076,2048,658,-28,0.01,0.002,5104,51
74.72970151901245,2050,2048,657,-2,0.01,0.002,5130,51
74.83770108222961,2062,2048,656,-14,0.01,0.002,5117,51
74.94670128822327,2076,2048,653,-28,0.01,0.002,5103,51
75.05579090118408,2050,2048,653,-2,0.01,0.002,5129,51
75.1632080078125,2066,2048,651,-18,0.01,0.002,5112,51
75.2720422744751,2054,2048,651,-6,0.01,0.002,5124,51
75.3809404373169,2066,2048,649,-18,0.01,0.002,5112,51
75.48993992805481,2058,2048,648,-10,0.01,0.002,5120,51
75.59899425506592,2059,2048,647,-11,0.01,0.002,5118,51
75.70699429512024,2063,2048,645,-15,0.01,0.002,5114,51
75.81599450111389,2057,2048,644,-9,0.01,0.002,5120,51
75.92356014251709,2059,2048,643,-11,0.01,0.002,5118,51
76.03296566009521,2075,2048,640,-27,0.01,0.002,5101,51
76.14154648780823,2051,2048,640,-3,0.01,0.002,5125,51
76.24993324279785,2063,2048,639,-15,0.01,0.002,5113,51
76.35893368721008,2055,2048,638,-7,0.01,0.002,5121,51
76.46723055839539,2061,2048,637,-13,0.01,0.002,5114,51
76.57624125480652,2057,2048,636,-9,0.01,0.002,5118,51
76.68424129486084,2058,2048,635,-10,0.01,0.002,5117,51
76.79326486587524,2062,2048,633,-14,0.01,0.002,5113,51
76.9022650718689,2054,2048,633,-6,0.01,0.002,5121,51
77.01030707359314,2059,2048,632,-11,0.01,0.002,5115,51
77.11930680274963,2075,2048,629,-27,0.01,0.002,5099,51
77.22730684280396,2055,2048,628,-7,0.01,0.002,5119,51
77.33530688285828,2058,2048,627,-10,0.01,0.002,5116,51
77.44430708885193,2075,2048,625,-27,0.01,0.002,5098,51
77.55330109596252,2052,2048,624,-4,0.01,0.002,5121,51
77.66129922866821,2056,2048,623,-8,0.01,0.002,5117,51
77.76946377754211,2073,2048,621,-25,0.01,0.002,5099,51
77.87879300117493,2051,2048,621,-3,0.01,0.002,5121,51
77.9867935180664,2057,2048,620,-9,0.01,0.002,5115,51
78.09488105773926,2073,2048,617,-25,0.01,0.002,5099,51
78.20338940620422,2049,2048,617,-1,0.01,0.002,5123,51
78.31189846992493,2076,2048,614,-28,0.01,0.002,5095,51
78.42089867591858,2047,2048,614,1,0.01,0.002,5124,51
78.52954602241516,2059,2048,613,-11,0.01,0.002,5112,51
78.63754630088806,2052,2048,613,-4,0.01,0.002,5119,51
78.74654603004456,2076,2048,610,-28,0.01,0.002,5094,51
78.85458874702454,2045,2048,610,3,0.01,0.002,5125,51
78.96318340301514,2063,2048,609,-15,0.01,0.002,5107,51
79.0712616443634,2069,2048,607,-21,0.01,0.002,5100,51
79.18002963066101,2051,2048,606,-3,0.01,0.002,5118,51
79.28802967071533,2060,2048,605,-12,0.01,0.002,5109,51
79.39778923988342,2057,2048,604,-9,0.01,0.002,5112,51
79.505686044693,2056,2048,604,-8,0.01,0.002,5113,51
79.61340522766113,2055,2048,603,-7,0.01,0.002,5114,51
79.72144532203674,2054,2048,602,-6,0.01,0.002,5115,51
79.8298408985138,2053,2048,602,-5,0.01,0.002,5115,51
79.93784046173096,2057,2048,601,-9,0.01,0.002,5111,51
80.04504537582397,2056,2048,600,-8,0.01,0.002,5112,51
80.15391731262207,2053,2048,600,-5,0.01,0.002,5115,51
80.26186490058899,2061,2048,598,-13,0.01,0.002,5107,51
80.3710560798645,2055,2048,598,-7,0.01,0.002,5113,51
80.47856521606445,2056,2048,597,-8,0.01,0.002,5111,51
80.58674883842468,2056,2048,596,-8,0.01,0.002,5111,51
80.69490170478821,2055,2048,595,-7,0.01,0.002,5112,51
80.80244064331055,2073,2048,593,-25,0.01,0.002,5094,51
80.91143989562988,2045,2048,593,3,0.01,0.002,5122,51
81.02032947540283,2059,2048,592,-11,0.01,0.002,5107,51
81.12882828712463,2070,2048,590,-22,0.01,0.002,5096,51
81.23845934867859,2047,2048,590,1,0.01,0.002,5119,51
81.34645199775696,2072,2048,587,-24,0.01,0.002,5094,51
81.45447254180908,2047,2048,588,1,0.01,0.002,5119,51
81.56257724761963,2063,2048,586,-15,0.01,0.002,5102,51
81.67089343070984,2051,2048,586,-3,0.01,0.002,5114,51
81.77989268302917,2059,2048,585,-11,0.01,0.002,5106,51
81.88901472091675,2054,2048,584,-6,0.01,0.002,5111,51
81.99701499938965,2055,2048,583,-7,0.01,0.002,5110,51
82.10463953018188,2056,2048,583,-8,0.01,0.002,5109,51
82.21264004707336,2071,2048,580,-23,0.01,0.002,5093,51
82.32163953781128,2047,2048,580,1,0.01,0.002,5117,51
82.43021941184998,2074,2048,578,-26,0.01,0.002,5090,51
82.53821873664856,2045,2048,578,3,0.01,0.002,5119,51
82.6464729309082,2058,2048,577,-10,0.01,0.002,5106,51
82.75586652755737,2055,2048,576,-7,0.01,0.002,5108,51
82.8638665676117,2048,2048,576,0,0.01,0.002,5115,51
82.97194504737854,2062,2048,575,-14,0.01,0.002,5101,51
83.08094525337219,2053,2048,574,-5,0.01,0.002,5110,51
83.18898725509644,2054,2048,574,-6,0.01,0.002,5109,51
83.29698729515076,2056,2048,573,-8,0.01,0.002,5107,51
83.40498781204224,2054,2048,572,-6,0.01,0.002,5109,51
83.51302981376648,2070,2048,570,-22,0.01,0.002,5092,51
83.62202978134155,2050,2048,570,-2,0.01,0.002,5112,51
83.73002982139587,2073,2048,568,-25,0.01,0.002,5089,51
83.83907127380371,2046,2048,568,2,0.01,0.002,5116,51
83.94708442687988,2075,2048,565,-27,0.01,0.002,5086,51
84.05608439445496,2049,2048,565,-1,0.01,0.002,5112,51
84.1641674041748,2057,2048,564,-9,0.01,0.002,5104,51
84.27240824699402,2068,2048,562,-20,0.01,0.002,5093,51
84.38076496124268,2060,2048,561,-12,0.01,0.002,5100,51
84.489821434021,2053,2048,560,-5,0.01,0.002,5107,51
84.59782147407532,2056,2048,560,-8,0.01,0.002,5104,51
84.70582151412964,2051,2048,559,-3,0.01,0.002,5109,51
84.81382131576538,2055,2048,559,-7,0.01,0.002,5105,51
84.9218475818634,2049,2048,558,-1,0.01,0.002,5111,51
85.02984762191772,2055,2048,558,-7,0.01,0.002,5105,51
85.13787460327148,2041,2048,558,7,0.01,0.002,5119,51
85.24587488174438,2075,2048,556,-27,0.01,0.002,5084,51
85.35487461090088,2046,2048,556,2,0.01,0.002,5113,51
85.46291828155518,2055,2048,555,-7,0.01,0.002,5104,51
85.57093858718872,2052,2048,555,-4,0.01,0.002,5107,51
85.67899560928345,2067,2048,553,-19,0.01,0.002,5092,51
85.78699588775635,2045,2048,553,3,0.01,0.002,5114,51
85.89533805847168,2053,2048,553,-5,0.01,0.002,5106,51
86.00272989273071,2055,2048,552,-7,0.01,0.002,5104,51
86.11173057556152,2053,2048,552,-5,0.01,0.002,5105,51
86.21979093551636,2058,2048,551,-10,0.01,0.002,5100,51
86.32802534103394,2052,2048,550,-4,0.01,0.002,5106,51
86.43602466583252,2070,2048,548,-22,0.01,0.002,5088,51
86.54506635665894,2047,2048,548,1,0.01,0.002,5111,51
86.65306639671326,2055,2048,547,-7,0.01,0.002,5103,51
86.76206707954407,2052,2048,547,-4,0.01,0.002,5105,51
86.86906909942627,2071,2048,545,-23,0.01,0.002,5086,51
86.97708106040955,2047,2048,545,1,0.01,0.002,5110,51
87.08570551872253,2054,2048,544,-6,0.01,0.002,5103,51
87.19380331039429,2051,2048,544,-3,0.01,0.002,5106,51
87.30180335044861,2058,2048,543,-10,0.01,0.002,5099,51
87.41083979606628,2050,2048,543,-2,0.01,0.002,5107,51
87.51948022842407,2070,2048,540,-22,0.01,0.002,5086,51
87.62794089317322,2048,2048,540,0,0.01,0.002,5108,51
87.73593974113464,2050,2048,540,-2,0.01,0.002,5106,51
87.84393978118896,2055,2048,539,-7,0.01,0.002,5101,51
87.95228123664856,2050,2048,539,-2,0.01,0.002,5106,51
88.06028127670288,2056,2048,538,-8,0.01,0.002,5100,51
88.1678307056427,2050,2048,538,-2,0.01,0.002,5106,51
88.27583074569702,2071,2048,536,-23,0.01,0.002,5084,51
88.38484477996826,2045,2048,536,3,0.01,0.002,5110,51
88.4933533668518,2057,2048,535,-9,0.01,0.002,5098,51
88.60135340690613,2067,2048,533,-19,0.01,0.002,5088,51
88.7103533744812,2049,2048,533,-1,0.01,0.002,5106,51
88.81835317611694,2071,2048,531,-23,0.01,0.002,5083,51
88.92735314369202,2043,2048,532,5,0.01,0.002,5111,51
89.03541660308838,2054,2048,531,-6,0.01,0.002,5100,51
89.14367246627808,2052,2048,531,-4,0.01,0.002,5102,51
89.25111842155457,2067,2048,529,-19,0.01,0.002,5087,51
89.36011862754822,2046,2048,529,2,0.01,0.002,5108,51
89.46815204620361,2053,2048,528,-5,0.01,0.002,5101,51
89.57615184783936,2050,2048,528,-2,0.01,0.002,5104,51
89.68515181541443,2069,2048,526,-21,0.01,0.002,5084,51
89.79315185546875,2044,2048,526,4,0.01,0.002,5109,51
89.90216827392578,2053,2048,526,-5,0.01,0.002,5100,51
90.0101683139801,2050,2048,526,-2,0.01,0.002,5103,51
90.11816811561584,2065,2048,524,-17,0.01,0.002,5088,51
90.22710275650024,2048,2048,524,0,0.01,0.002,5105,51
90.33510255813599,2052,2048,524,-4,0.01,0.002,5101,51
90.4426155090332,2052,2048,523,-4,0.01,0.002,5101,51
90.55161595344543,2066,2048,521,-18,0.01,0.002,5086,51
90.66021347045898,2048,2048,521,0,0.01,0.002,5104,51
90.76780390739441,2052,2048,521,-4,0.01,0.002,5100,51
90.87626218795776,2066,2048,519,-18,0.01,0.002,5086,51
90.98526263237,2046,2048,519,2,0.01,0.002,5106,51
91.09332966804504,2055,2048,519,-7,0.01,0.002,5097,51
91.2013292312622,2050,2048,519,-2,0.01,0.002,5102,51
91.30933213233948,2067,2048,517,-19,0.01,0.002,5084,51
91.41790986061096,2042,2048,517,6,0.01,0.002,5110,51
91.52590870857239,2055,2048,517,-7,0.01,0.002,5096,51
91.63390898704529,2050,2048,516,-2,0.01,0.002,5101,51
91.74198198318481,2052,2048,516,-4,0.01,0.002,5099,51
91.85098218917847,2065,2048,514,-17,0.01,0.002,5086,51
91.95902633666992,2048,2048,514,0,0.01,0.002,5103,51
92.06802654266357,2069,2048,512,-21,0.01,0.002,5082,51
92.17602634429932,2043,2048,513,5,0.01,0.002,5108,51
92.28465604782104,2054,2048,512,-6,0.01,0.002,5097,51
92.39251494407654,2050,2048,512,-2,0.01,0.002,5100,51
92.50112724304199,2066,2048,510,-18,0.01,0.002,5084,51
92.60912752151489,2056,2048,509,-8,0.01,0.002,5094,51
92.71763467788696,2049,2048,509,-1,0.01,0.002,5101,51
92.82564783096313,2052,2048,509,-4,0.01,0.002,5098,51
92.9336473941803,2049,2048,509,-1,0.01,0.002,5101,51
93.04164743423462,2069,2048,507,-21,0.01,0.002,5080,51
93.15100169181824,2044,2048,507,4,0.01,0.002,5106,51
93.25900173187256,2070,2048,505,-22,0.01,0.002,5079,51
93.36806344985962,2042,2048,505,6,0.01,0.002,5107,51
93.47606420516968,2055,2048,505,-7,0.01,0.002,5094,51
93.58408641815186,2048,2048,505,0,0.01,0.002,5101,51
93.69208598136902,2066,2048,503,-18,0.01,0.002,5083,51
93.80108618736267,2044,2048,503,4,0.01,0.002,5105,51
93.9093279838562,2052,2048,503,-4,0.01,0.002,5097,51
94.01671409606934,2050,2048,503,-2,0.01,0.002,5099,51
94.12475872039795,2052,2048,502,-4,0.01,0.002,5097,51
94.23275804519653,2067,2048,500,-19,0.01,0.002,5081,51
94.34229922294617,2043,2048,501,5,0.01,0.002,5105,51
94.44955492019653,2054,2048,500,-6,0.01,0.002,5094,51
94.55755519866943,2048,2048,500,0,0.01,0.002,5100,51
94.66658878326416,2052,2048,500,-4,0.01,0.002,5096,51
94.77458882331848,2051,2048,500,-3,0.01,0.002,5097,51
94.88236260414124,2067,2048,498,-19,0.01,0.002,5081,51
94.99136281013489,2043,2048,498,5,0.01,0.002,5105,51
95.0993869304657,2051,2048,498,-3,0.01,0.002,5097,51
95.20738768577576,2053,2048,497,-5,0.01,0.002,5095,51
95.31538701057434,2046,2048,498,2,0.01,0.002,5102,51
95.42338705062866,2051,2048,497,-3,0.01,0.002,5097,51
95.5317223072052,2068,2048,495,-20,0.01,0.002,5079,51
95.64005494117737,2042,2048,496,6,0.01,0.002,5105,51
95.74805784225464,2053,2048,495,-5,0.01,0.002,5094,51
95.85614848136902,2046,2048,496,2,0.01,0.002,5101,51
95.96414709091187,2052,2048,495,-4,0.01,0.002,5095,51
96.07214713096619,2051,2048,495,-3,0.01,0.002,5096,51
96.1801688671112,2068,2048,493,-20,0.01,0.002,5079,51
96.2891685962677,2043,2048,493,5,0.01,0.002,5104,51
96.39716863632202,2051,2048,493,-3,0.01,0.002,5096,51
96.50517082214355,2066,2048,491,-18,0.01,0.002,5080,51
96.61483120918274,2042,2048,492,6,0.01,0.002,5104,51
96.72283101081848,2051,2048,492,-3,0.01,0.002,5095,51
96.8308310508728,2068,2048,490,-20,0.01,0.002,5078,51
96.93934178352356,2044,2048,490,4,0.01,0.002,5102,51
97.04734134674072,2052,2048,490,-4,0.01,0.002,5094,51
97.15566492080688,2063,2048,488,-15,0.01,0.002,5083,51
97.2650957107544,2045,2048,488,3,0.01,0.002,5101,51
97.37309575080872,2050,2048,488,-2,0.01,0.002,5096,51
97.48113703727722,2051,2048,488,-3,0.01,0.002,5095,51
97.58913707733154,2044,2048,488,4,0.01,0.002,5102,51
97.69713711738586,2054,2048,488,-6,0.01,0.002,5092,51
97.80513668060303,2048,2048,488,0,0.01,0.002,5098,51
97.91337180137634,2061,2048,486,-13,0.01,0.002,5084,51
98.02137231826782,2043,2048,487,5,0.01,0.002,5102,51
98.12939691543579,2052,2048,486,-4,0.01,0.002,5093,51
98.23739695549011,2062,2048,485,-14,0.01,0.002,5083,51
98.34639763832092,2043,2048,486,5,0.01,0.002,5102,51
98.45439672470093,2051,2048,485,-3,0.01,0.002,5094,51
98.56247305870056,2050,2048,485,-2,0.01,0.002,5095,51
98.67047309875488,2069,2048,483,-21,0.01,0.002,5076,51
98.77963423728943,2044,2048,483,4,0.01,0.002,5101,51
98.88699865341187,2051,2048,483,-3,0.01,0.002,5094,51
98.99499845504761,2048,2048,483,0,0.01,0.002,5097,51
99.10399842262268,2051,2048,483,-3,0.01,0.002,5094,51
99.21106886863708,2047,2048,483,1,0.01,0.002,5098,51
99.3190689086914,2052,2048,482,-4,0.01,0.002,5093,51
99.42706871032715,2048,2048,482,0,0.01,0.002,5097,51
99.53610610961914,2052,2048,482,-4,0.01,0.002,5093,51
99.6441056728363,2050,2048,482,-2,0.01,0.002,5094,51
99.75210571289062,2061,2048,481,-13,0.01,0.002,5083,51
99.8605318069458,2043,2048,481,5,0.01,0.002,5101,51
99.9685320854187,2051,2048,481,-3,0.01,0.002,5093,51
100.07653379440308,2063,2048,479,-15,0.01,0.002,5081,51
100.18604063987732,2043,2048,480,5,0.01,0.002,5101,51
100.2942852973938,2050,2048,480,-2,0.01,0.002,5094,51
100.40241551399231,2062,2048,478,-14,0.01,0.002,5082,51
100.51091718673706,2044,2048,479,4,0.01,0.002,5100,51
100.61891746520996,2051,2048,478,-3,0.01,0.002,5093,51
100.72693967819214,2047,2048,478,1,0.01,0.002,5097,51
100.83493947982788,2053,2048,478,-5,0.01,0.002,5091,51
100.94293999671936,2063,2048,476,-15,0.01,0.002,5080,51
101.05197286605835,2042,2048,477,6,0.01,0.002,5102,51
101.15997266769409,2052,2048,477,-4,0.01,0.002,5091,51
101.26802682876587,2049,2048,476,-1,0.01,0.002,5094,51
101.37602639198303,2064,2048,475,-16,0.01,0.002,5079,51
101.48507475852966,2046,2048,475,2,0.01,0.002,5097,51
101.59307408332825,2067,2048,473,-19,0.01,0.002,5076,51
101.7020902633667,2046,2048,473,2,0.01,0.002,5097,51
101.81008863449097,2055,2048,473,-7,0.01,0.002,5088,51
101.91848587989807,2048,2048,473,0,0.01,0.002,5095,51
102.02662968635559,2064,2048,471,-16,0.01,0.002,5078,51
102.13400554656982,2046,2048,471,2,0.01,0.002,5096,51
102.2430055141449,2054,2048,471,-6,0.01,0.002,5088,51
102.3500063419342,2047,2048,471,1,0.01,0.002,5095,51
102.45896983146667,2052,2048,470,-4,0.01,0.002,5090,51
102.56697010993958,2048,2048,470,0,0.01,0.002,5094,51
102.67497086524963,2046,2048,471,2,0.01,0.002,5096,51
102.78296971321106,2065,2048,469,-17,0.01,0.002,5077,51
102.89199900627136,2044,2048,469,4,0.01,0.002,5098,51
102.99999928474426,2048,2048,469,0,0.01,0.002,5094,51
103.10799908638,2049,2048,469,-1,0.01,0.002,5093,51
103.21601414680481,2064,2048,468,-16,0.01,0.002,5078,51
103.32342267036438,2044,2048,468,4,0.01,0.002,5098,51
103.4314227104187,2050,2048,468,-2,0.01,0.002,5092,51
103.53987050056458,2052,2048,467,-4,0.01,0.002,5090,51
103.64815092086792,2062,2048,466,-14,0.01,0.002,5079,51
103.75648951530457,2044,2048,466,4,0.01,0.002,5097,51
103.86549019813538,2051,2048,466,-3,0.01,0.002,5090,51
103.97270655632019,2066,2048,464,-18,0.01,0.002,5075,51
104.08170628547668,2040,2048,465,8,0.01,0.002,5101,51
104.1897382736206,2066,2048,463,-18,0.01,0.002,5075,51
104.29873824119568,2038,2048,464,10,0.01,0.002,5103,51
104.40685439109802,2049,2048,464,-1,0.01,0.002,5092,51
104.51485443115234,2048,2048,464,0,0.01,0.002,5093,51
104.62285661697388,2048,2048,464,0,0.01,0.002,5093,51
104.73094034194946,2049,2048,464,-1,0.01,0.002,5092,51
104.83894038200378,2048,2048,464,0,0.01,0.002,5093,51
104.94745564460754,2061,2048,463,-13,0.01,0.002,5080,51
105.05645561218262,2044,2048,463,4,0.01,0.002,5097,51
105.16445565223694,2068,2048,461,-20,0.01,0.002,5072,51
105.27371954917908,2038,2048,462,10,0.01,0.002,5103,51
105.38110303878784,2053,2048,462,-5,0.01,0.002,5087,51
105.48910236358643,2049,2048,462,-1,0.01,0.002,5091,51
105.59767484664917,2062,2048,460,-14,0.01,0.002,5078,51
105.70667266845703,2044,2048,461,4,0.01,0.002,5096,51
105.81467270851135,2052,2048,460,-4,0.01,0.002,5088,51
105.9227066040039,2050,2048,460,-2,0.01,0.002,5090,51
106.03070664405823,2049,2048,460,-1,0.01,0.002,5091,51
106.13872003555298,2061,2048,459,-13,0.01,0.002,5079,51
106.24780344963074,2044,2048,459,4,0.01,0.002,5096,51
106.3558030128479,2051,2048,459,-3,0.01,0.002,5089,51
106.46431112289429,2066,2048,457,-18,0.01,0.002,5073,51
106.57231116294861,2040,2048,458,8,0.01,0.002,5100,51
106.68031120300293,2046,2048,458,2,0.01,0.002,5094,51
106.78864097595215,2049,2048,458,-1,0.01,0.002,5091,51
106.89696669578552,2063,2048,456,-15,0.01,0.002,5076,51
107.00533843040466,2043,2048,457,5,0.01,0.002,5096,51
107.11433815956116,2052,2048,456,-4,0.01,0.002,5087,51
107.22233819961548,2051,2048,456,-3,0.01,0.002,5088,51
107.33020687103271,2064,2048,455,-16,0.01,0.002,5075,51
107.43820691108704,2059,2048,453,-11,0.01,0.002,5080,51
107.5456018447876,2044,2048,454,4,0.01,0.002,5095,51
107.65361762046814,2047,2048,454,1,0.01,0.002,5092,51
107.76212525367737,2049,2048,454,-1,0.01,0.002,5090,51
107.87012529373169,2048,2048,454,0,0.01,0.002,5091,51
107.97812509536743,2064,2048,452,-16,0.01,0.002,5075,51
108.08619928359985,2041,2048,453,7,0.01,0.002,5098,51
108.1941990852356,2052,2048,453,-4,0.01,0.002,5087,51
108.30223369598389,2065,2048,451,-17,0.01,0.002,5073,51
108.41123366355896,2041,2048,452,7,0.01,0.002,5097,51
108.51879811286926,2054,2048,451,-6,0.01,0.002,5084,51
108.62723565101624,2049,2048,451,-1,0.01,0.002,5089,51
108.73523330688477,2063,2048,449,-15,0.01,0.002,5075,51
108.84423327445984,2042,2048,450,6,0.01,0.002,5096,51
108.95223355293274,2052,2048,450,-4,0.01,0.002,5086,51
109.06027245521545,2048,2048,450,0,0.01,0.002,5090,51
109.16775918006897,2048,2048,450,0,0.01,0.002,5090,51
109.27668166160583,2047,2048,450,1,0.01,0.002,5091,51
109.38468146324158,2062,2048,448,-14,0.01,0.002,5076,51
109.49290990829468,2045,2048,449,3,0.01,0.002,5093,51
109.60090947151184,2047,2048,449,1,0.01,0.002,5091,51
109.70895767211914,2047,2048,449,1,0.01,0.002,5091,51
109.81695795059204,2047,2048,449,1,0.01,0.002,5091,51
109.92512083053589,2048,2048,449,0,0.01,0.002,5090,51
110.03312110900879,2049,2048,449,-1,0.01,0.002,5089,51
110.1416494846344,2061,2048,447,-13,0.01,0.002,5077,51
110.25003910064697,2045,2048,448,3,0.01,0.002,5093,51
110.3580391407013,2047,2048,448,1,0.01,0.002,5091,51
110.4668619632721,2047,2048,448,1,0.01,0.002,5091,51
110.57446694374084,2063,2048,446,-15,0.01,0.002,5074,51
110.68346691131592,2040,2048,447,8,0.01,0.002,5098,51
110.79146695137024,2069,2048,445,-21,0.01,0.002,5068,51
110.90052509307861,2040,2048,446,8,0.01,0.002,5097,51
111.00852537155151,2050,2048,446,-2,0.01,0.002,5087,51
111.11623215675354,2048,2048,446,0,0.01,0.002,5089,51
111.22423195838928,2047,2048,446,1,0.01,0.002,5090,51
111.3322319984436,2047,2048,446,1,0.01,0.002,5090,51
111.44123244285583,2050,2048,446,-2,0.01,0.002,5087,51
111.54841637611389,2048,2048,446,0,0.01,0.002,5089,51
111.65641641616821,2048,2048,446,0,0.01,0.002,5089,51
111.76456308364868,2049,2048,446,-1,0.01,0.002,5088,51
111.87307024002075,2047,2048,446,1,0.01,0.002,5090,51
111.98107028007507,2046,2048,446,2,0.01,0.002,5091,51
112.08908367156982,2047,2048,446,1,0.01,0.002,5090,51
112.19715189933777,2063,2048,445,-15,0.01,0.002,5074,51
112.30585169792175,2041,2048,445,7,0.01,0.002,5096,51
112.41385173797607,2052,2048,445,-4,0.01,0.002,5085,51
112.5218894481659,2050,2048,445,-2,0.01,0.002,5087,51
112.62988948822021,2061,2048,443,-13,0.01,0.002,5076,51
112.73888945579529,2044,2048,444,4,0.01,0.002,5093,51
112.84688925743103,2047,2048,444,1,0.01,0.002,5090,51
112.95488953590393,2048,2048,444,0,0.01,0.002,5089,51
113.06288933753967,2050,2048,444,-2,0.01,0.002,5087,51
113.17189025878906,2064,2048,442,-16,0.01,0.002,5073,51
113.27889037132263,2041,2048,443,7,0.01,0.002,5096,51
113.38717579841614,2052,2048,442,-4,0.01,0.002,5085,51
113.49557185173035,2059,2048,441,-11,0.01,0.002,5077,51
113.60454106330872,2043,2048,442,5,0.01,0.002,5093,51
113.71246552467346,2049,2048,442,-1,0.01,0.002,5087,51
113.82056665420532,2048,2048,442,0,0.01,0.002,5088,51
113.92846155166626,2063,2048,440,-15,0.01,0.002,5073,51
114.0373318195343,2040,2048,441,8,0.01,0.002,5096,51
114.1453320980072,2067,2048,439,-19,0.01,0.002,5069,51
114.25459218025208,2038,2048,440,10,0.01,0.002,5098,51
114.3625922203064,2051,2048,440,-3,0.01,0.002,5085,51
114.47062563896179,2062,2048,438,-14,0.01,0.002,5074,51
114.57962679862976,2039,2048,439,9,0.01,0.002,5097,51
114.68762683868408,2053,2048,439,-5,0.01,0.002,5083,51
114.79562592506409,2058,2048,438,-10,0.01,0.002,5078,51
114.9043071269989,2043,2048,438,5,0.01,0.002,5093,51
115.01252222061157,2046,2048,438,2,0.01,0.002,5090,51
115.12092065811157,2047,2048,439,1,0.01,0.002,5089,51
115.2289206981659,2049,2048,438,-1,0.01,0.002,5087,51
115.33698415756226,2045,2048,439,3,0.01,0.002,5091,51
115.44498419761658,2044,2048,439,4,0.01,0.002,5092,51
115.55338287353516,2064,2048,438,-16,0.01,0.002,5072,51
115.66192841529846,2039,2048,438,9,0.01,0.002,5097,51
115.76992869377136,2052,2048,438,-4,0.01,0.002,5084,51
115.87743639945984,2045,2048,438,3,0.01,0.002,5091,51
115.985435962677,2047,2048,438,1,0.01,0.002,5089,51
116.09348559379578,2052,2048,438,-4,0.01,0.002,5084,51
116.20148539543152,2044,2048,438,4,0.01,0.002,5092,51
116.30955839157104,2048,2048,438,0,0.01,0.002,5088,51
116.41755843162537,2050,2048,438,-2,0.01,0.002,5086,51
116.52561926841736,2063,2048,437,-15,0.01,0.002,5072,51
116.634516954422,2038,2048,438,10,0.01,0.002,5098,51
116.74291467666626,2052,2048,437,-4,0.01,0.002,5084,51
116.85091471672058,2046,2048,438,2,0.01,0.002,5090,51
116.9589147567749,2049,2048,437,-1,0.01,0.002,5087,51
117.06698870658875,2049,2048,437,-1,0.01,0.002,5087,51
117.17498898506165,2065,2048,436,-17,0.01,0.002,5070,51
117.28350114822388,2040,2048,436,8,0.01,0.002,5095,51
117.39150142669678,2052,2048,436,-4,0.01,0.002,5083,51
117.50050210952759,2046,2048,436,2,0.01,0.002,5089,51
117.60759687423706,2047,2048,436,1,0.01,0.002,5088,51
117.7155966758728,2050,2048,436,-2,0.01,0.002,5085,51
117.82459712028503,2048,2048,436,0,0.01,0.002,5087,51
117.93264365196228,2063,2048,435,-15,0.01,0.002,5072,51
118.04165935516357,2035,2048,436,13,0.01,0.002,5100,51
118.14965963363647,2050,2048,436,-2,0.01,0.002,5085,51
118.25697422027588,2050,2048,435,-2,0.01,0.002,5085,51
118.36560344696045,2064,2048,434,-16,0.01,0.002,5071,51
118.47360301017761,2041,2048,435,7,0.01,0.002,5094,51
118.58116340637207,2049,2048,434,-1,0.01,0.002,5086,51
118.68916344642639,2064,2048,433,-16,0.01,0.002,5071,51
118.79816365242004,2039,2048,434,9,0.01,0.002,5096,51
118.90602850914001,2054,2048,433,-6,0.01,0.002,5081,51
119.01407074928284,2043,2048,434,5,0.01,0.002,5092,51
119.12206983566284,2050,2048,433,-2,0.01,0.002,5085,51
119.23012018203735,2045,2048,434,3,0.01,0.002,5090,51
119.3382637500763,2049,2048,434,-1,0.01,0.002,5086,51
119.44699001312256,2061,2048,432,-13,0.01,0.002,5074,51
119.55400490760803,2038,2048,433,10,0.01,0.002,5097,51
119.66200494766235,2053,2048,433,-5,0.01,0.002,5082,51
119.77009010314941,2041,2048,434,7,0.01,0.002,5094,51
119.87840366363525,2050,2048,433,-2,0.01,0.002,5085,51
119.98695731163025,2046,2048,434,2,0.01,0.002,5089,51
120.09416890144348,2048,2048,434,0,0.01,0.002,5087,51
120.2021689414978,2049,2048,433,-1,0.01,0.002,5086,51
120.3111720085144,2065,2048,432,-17,0.01,0.002,5069,51
120.41951894760132,2042,2048,432,6,0.01,0.002,5093,51
120.52752208709717,2047,2048,432,1,0.01,0.002,5088,51
120.63527870178223,2049,2048,432,-1,0.01,0.002,5086,51
120.74327731132507,2048,2048,432,0,0.01,0.002,5087,51
120.85133099555969,2048,2048,432,0,0.01,0.002,5087,51
120.95984196662903,2049,2048,432,-1,0.01,0.002,5086,51
121.06734943389893,2049,2048,432,-1,0.01,0.002,5086,51
121.1763768196106,2062,2048,431,-14,0.01,0.002,5072,51
121.28488492965698,2041,2048,431,7,0.01,0.002,5093,51
121.3928849697113,2047,2048,432,1,0.01,0.002,5087,51
121.50132393836975,2051,2048,431,-3,0.01,0.002,5083,51
121.6086585521698,2044,2048,432,4,0.01,0.002,5090,51
121.71678233146667,2049,2048,432,-1,0.01,0.002,5085,51
121.82478308677673,2048,2048,432,0,0.01,0.002,5086,51
121.93228912353516,2048,2048,432,0,0.01,0.002,5086,51
122.04128909111023,2048,2048,432,0,0.01,0.002,5086,51
122.14928913116455,2062,2048,430,-14,0.01,0.002,5072,51
122.2582893371582,2042,2048,431,6,0.01,0.002,5092,51
122.36631894111633,2050,2048,431,-2,0.01,0.002,5084,51
122.47442650794983,2044,2048,431,4,0.01,0.002,5090,51
122.58242630958557,2049,2048,431,-1,0.01,0.002,5085,51
122.69045877456665,2049,2048,431,-1,0.01,0.002,5085,51
122.79845881462097,2062,2048,429,-14,0.01,0.002,5072,51
122.90745902061462,2043,2048,430,5,0.01,0.002,5091,51
123.01464891433716,2049,2048,430,-1,0.01,0.002,5085,51
123.12353587150574,2064,2048,428,-16,0.01,0.002,5070,51
123.23105263710022,2038,2048,429,10,0.01,0.002,5096,51
123.33908104896545,2052,2048,429,-4,0.01,0.002,5082,51
123.4470808506012,2045,2048,429,3,0.01,0.002,5089,51
123.55519580841064,2049,2048,429,-1,0.01,0.002,5085,51
123.66319441795349,2046,2048,429,2,0.01,0.002,5088,51
123.77119445800781,2049,2048,429,-1,0.01,0.002,5085,51
123.8792335987091,2044,2048,429,4,0.01,0.002,5090,51
123.98777318000793,2050,2048,429,-2,0.01,0.002,5084,51
124.09584355354309,2051,2048,429,-3,0.01,0.002,5083,51
124.20384311676025,2058,2048,428,-10,0.01,0.002,5076,51
124.31188702583313,2043,2048,428,5,0.01,0.002,5091,51
124.41992926597595,2048,2048,428,0,0.01,0.002,5086,51
124.5289294719696,2051,2048,428,-3,0.01,0.002,5083,51
124.63602590560913,2044,2048,429,4,0.01,0.002,5090,51
124.74482822418213,2048,2048,429,0,0.01,0.002,5086,51
124.85241889953613,2050,2048,428,-2,0.01,0.002,5084,51
124.96041917800903,2061,2048,427,-13,0.01,0.002,5073,51
125.06841897964478,2040,2048,428,8,0.01,0.002,5094,51
125.1764566898346,2045,2048,428,3,0.01,0.002,5089,51
125.28445768356323,2049,2048,428,-1,0.01,0.002,5085,51
125.39199614524841,2044,2048,428,4,0.01,0.002,5090,51
125.50050234794617,2048,2048,428,0,0.01,0.002,5086,51
125.60880017280579,2049,2048,428,-1,0.01,0.002,5085,51
125.71680021286011,2045,2048,429,3,0.01,0.002,5089,51
125.8241639137268,2050,2048,428,-2,0.01,0.002,5084,51
125.93316411972046,2060,2048,427,-12,0.01,0.002,5074,51
126.04116415977478,2040,2048,428,8,0.01,0.002,5094,51
126.1492006778717,2063,2048,427,-15,0.01,0.002,5070,51
126.25889801979065,2040,2048,427,8,0.01,0.002,5094,51
126.3672661781311,2050,2048,427,-2,0.01,0.002,5084,51
126.47426533699036,2043,2048,428,5,0.01,0.002,5091,51
126.5827944278717,2049,2048,428,-1,0.01,0.002,5085,51
126.69079351425171,2060,2048,426,-12,0.01,0.002,5073,51
126.79979372024536,2040,2048,427,8,0.01,0.002,5094,51
126.90780758857727,2050,2048,427,-2,0.01,0.002,5084,51
127.01582860946655,2045,2048,427,3,0.01,0.002,5089,51
127.12382769584656,2048,2048,427,0,0.01,0.002,5086,51
127.23150968551636,2065,2048,426,-17,0.01,0.002,5068,51
127.34050965309143,2039,2048,426,9,0.01,0.002,5094,51
127.44850969314575,2050,2048,426,-2,0.01,0.002,5083,51
127.55655264854431,2045,2048,427,3,0.01,0.002,5088,51
127.66455364227295,2048,2048,427,0,0.01,0.002,5085,51
127.77255249023438,2064,2048,425,-16,0.01,0.002,5069,51
127.88185596466064,2041,2048,426,7,0.01,0.002,5092,51
127.98974537849426,2050,2048,425,-2,0.01,0.002,5083,51
128.09774518013,2045,2048,426,3,0.01,0.002,5088,51
128.20578980445862,2050,2048,426,-2,0.01,0.002,5083,51
128.31378984451294,2057,2048,425,-9,0.01,0.002,5076,51
128.42180585861206,2045,2048,425,3,0.01,0.002,5088,51
128.52987432479858,2050,2048,425,-2,0.01,0.002,5083,51
128.63787460327148,2044,2048,425,4,0.01,0.002,5089,51
128.7459156513214,2048,2048,425,0,0.01,0.002,5085,51
128.85391545295715,2052,2048,425,-4,0.01,0.002,5081,51
128.9619162082672,2062,2048,423,-14,0.01,0.002,5071,51
129.07091569900513,2039,2048,424,9,0.01,0.002,5094,51
129.17891550064087,2049,2048,424,-1,0.01,0.002,5084,51
129.2868151664734,2060,2048,423,-12,0.01,0.002,5073,51
129.39581537246704,2040,2048,424,8,0.01,0.002,5093,51
129.50395560264587,2056,2048,423,-8,0.01,0.002,5077,51
129.61194729804993,2044,2048,423,4,0.01,0.002,5089,51
129.71994614601135,2051,2048,423,-3,0.01,0.002,5082,51
129.827960729599,2046,2048,423,2,0.01,0.002,5087,51
129.93602180480957,2050,2048,423,-2,0.01,0.002,5083,51
130.0440218448639,2061,2048,422,-13,0.01,0.002,5071,51
130.1531527042389,2043,2048,422,5,0.01,0.002,5090,51
130.26115322113037,2050,2048,422,-2,0.01,0.002,5083,51
130.36921167373657,2045,2048,422,3,0.01,0.002,5088,51
130.47721099853516,2048,2048,422,0,0.01,0.002,5085,51
130.58571887016296,2044,2048,423,4,0.01,0.002,5089,51
130.69371891021729,2048,2048,423,0,0.01,0.002,5085,51
130.80145978927612,2060,2048,422,-12,0.01,0.002,5072,51
130.91046142578125,2042,2048,422,6,0.01,0.002,5091,51
131.01846051216125,2050,2048,422,-2,0.01,0.002,5082,51
131.12624526023865,2042,2048,423,6,0.01,0.002,5091,51
131.23464918136597,2048,2048,423,0,0.01,0.002,5085,51
131.34269642829895,2046,2048,423,2,0.01,0.002,5087,51
131.45074582099915,2049,2048,423,-1,0.01,0.002,5084,51
131.5587456226349,2044,2048,423,4,0.01,0.002,5089,51
131.66674757003784,2050,2048,423,-2,0.01,0.002,5083,51
131.77474570274353,2045,2048,423,3,0.01,0.002,5088,51
131.88274574279785,2049,2048,423,-1,0.01,0.002,5084,51
131.99079179763794,2061,2048,422,-13,0.01,0.002,5071,51
132.099791765213,2042,2048,422,6,0.01,0.002,5091,51
132.20782828330994,2049,2048,422,-1,0.01,0.002,5084,51
132.3160183429718,2044,2048,423,4,0.01,0.002,5089,51
132.42401790618896,2050,2048,422,-2,0.01,0.002,5083,51
132.53159880638123,2045,2048,423,3,0.01,0.002,5088,51
132.63959884643555,2050,2048,423,-2,0.01,0.002,5083,51
132.74779772758484,2060,2048,421,-12,0.01,0.002,5072,51
132.8557481765747,2040,2048,422,8,0.01,0.002,5093,51
132.96337604522705,2049,2048,422,-1,0.01,0.002,5084,51
133.07137632369995,2045,2048,422,3,0.01,0.002,5088,51
133.1793761253357,2049,2048,422,-1,0.01,0.002,5084,51
133.28796768188477,2062,2048,421,-14,0.01,0.002,5070,51
133.396968126297,2043,2048,421,5,0.01,0.002,5089,51
133.504967212677,2049,2048,421,-1,0.01,0.002,5083,51
133.61300611495972,2062,2048,420,-14,0.01,0.002,5070,51
133.72200345993042,2041,2048,421,7,0.01,0.002,5091,51
133.83000564575195,2050,2048,420,-2,0.01,0.002,5082,51
133.93800497055054,2044,2048,421,4,0.01,0.002,5088,51
134.04600524902344,2051,2048,420,-3,0.01,0.002,5081,51
134.1540048122406,2041,2048,421,7,0.01,0.002,5091,51
134.26256322860718,2050,2048,421,-2,0.01,0.002,5082,51
134.36982131004333,2058,2048,420,-10,0.01,0.002,5074,51
134.4791898727417,2040,2048,421,8,0.01,0.002,5092,51
134.58770298957825,2060,2048,420,-12,0.01,0.002,5072,51
134.69670009613037,2043,2048,420,5,0.01,0.002,5089,51
134.80472707748413,2050,2048,420,-2,0.01,0.002,5082,51
134.91194796562195,2045,2048,420,3,0.01,0.002,5087,51
135.01994800567627,2048,2048,420,0,0.01,0.002,5084,51
135.12830114364624,2044,2048,421,4,0.01,0.002,5088,51
135.23630118370056,2062,2048,419,-14,0.01,0.002,5070,51
135.3453631401062,2044,2048,420,4,0.01,0.002,5088,51
135.45336365699768,2052,2048,419,-4,0.01,0.002,5080,51
135.56151127815247,2039,2048,420,9,0.01,0.002,5093,51
135.6690182685852,2049,2048,420,-1,0.01,0.002,5083,51
135.77703261375427,2041,2048,421,7,0.01,0.002,5091,51
135.8850748538971,2048,2048,421,0,0.01,0.002,5084,51
135.99329900741577,2045,2048,421,3,0.01,0.002,5087,51
136.1017768383026,2050,2048,421,-2,0.01,0.002,5082,51
136.20973944664001,2041,2048,421,7,0.01,0.002,5091,51
136.31777429580688,2049,2048,421,-1,0.01,0.002,5083,51
136.42582941055298,2058,2048,420,-10,0.01,0.002,5074,51
136.53486466407776,2040,2048,421,8,0.01,0.002,5092,51
136.64286494255066,2061,2048,420,-13,0.01,0.002,5071,51
136.75190496444702,2041,2048,421,7,0.01,0.002,5091,51
136.85990476608276,2050,2048,420,-2,0.01,0.002,5082,51
136.9679560661316,2057,2048,419,-9,0.01,0.002,5075,51
137.07604146003723,2060,2048,418,-12,0.01,0.002,5072,51
137.18505692481995,2039,2048,419,9,0.01,0.002,5093,51
137.2930564880371,2048,2048,419,0,0.01,0.002,5084,51
137.40123844146729,2057,2048,418,-9,0.01,0.002,5075,51
137.50923824310303,2040,2048,419,8,0.01,0.002,5092,51
137.61747336387634,2067,2048,417,-19,0.01,0.002,5065,51
137.7261905670166,2034,2048,419,14,0.01,0.002,5098,51
137.83398175239563,2050,2048,418,-2,0.01,0.002,5082,51
137.9420006275177,2045,2048,419,3,0.01,0.002,5087,51
138.04986691474915,2052,2048,418,-4,0.01,0.002,5080,51
138.15807390213013,2057,2048,417,-9,0.01,0.002,5075,51
138.2657916545868,2047,2048,417,1,0.01,0.002,5085,51
138.37467885017395,2060,2048,416,-12,0.01,0.002,5071,51
138.48244857788086,2040,2048,417,8,0.01,0.002,5092,51
138.59082078933716,2052,2048,417,-4,0.01,0.002,5079,51
138.69784450531006,2044,2048,417,4,0.01,0.002,5088,51
138.80614757537842,2051,2048,417,-3,0.01,0.002,5080,51
138.9141206741333,2044,2048,417,4,0.01,0.002,5088,51
139.02223706245422,2049,2048,417,-1,0.01,0.002,5083,51
139.12997913360596,2044,2048,417,4,0.01,0.002,5088,51
139.2385184764862,2048,2048,417,0,0.01,0.002,5084,51
139.34675812721252,2044,2048,418,4,0.01,0.002,5088,51
139.45410895347595,2049,2048,418,-1,0.01,0.002,5083,51
139.56280279159546,2046,2048,418,2,0.01,0.002,5086,51
139.67083048820496,2049,2048,418,-1,0.01,0.002,5083,51
139.7781572341919,2046,2048,418,2,0.01,0.002,5086,51
139.88669538497925,2050,2048,418,-2,0.01,0.002,5082,51
139.9947121143341,2046,2048,418,2,0.01,0.002,5086,51
140.1027386188507,2051,2048,418,-3,0.01,0.002,5081,51
140.2107720375061,2060,2048,417,-12,0.01,0.002,5071,51
140.3197991847992,2041,2048,417,7,0.01,0.002,5091,51
140.42787837982178,2051,2048,417,-3,0.01,0.002,5081,51
140.53591918945312,2047,2048,417,1,0.01,0.002,5085,51
140.64397764205933,2046,2048,417,2,0.01,0.002,5086,51
140.75165581703186,2073,2048,415,-25,0.01,0.002,5058,51
140.86143732070923,2035,2048,416,13,0.01,0.002,5096,51
140.96929502487183,2053,2048,416,-5,0.01,0.002,5078,51
141.07736253738403,2044,2048,416,4,0.01,0.002,5087,51
141.18537735939026,2047,2048,416,1,0.01,0.002,5084,51
141.29340887069702,2060,2048,415,-12,0.01,0.002,5071,51
141.40243220329285,2041,2048,416,7,0.01,0.002,5090,51
141.5104694366455,2048,2048,416,0,0.01,0.002,5083,51
141.61837530136108,2046,2048,416,2,0.01,0.002,5085,51
141.72642469406128,2048,2048,416,0,0.01,0.002,5083,51
141.83453011512756,2043,2048,416,5,0.01,0.002,5088,51
141.94254851341248,2048,2048,416,0,0.01,0.002,5083,51
142.05058598518372,2060,2048,415,-12,0.01,0.002,5071,51
142.15971517562866,2041,2048,416,7,0.01,0.002,5090,51
142.26722693443298,2051,2048,415,-3,0.01,0.002,5080,51
142.37573552131653,2044,2048,416,4,0.01,0.002,5087,51
142.48356938362122,2052,2048,415,-4,0.01,0.002,5079,51
142.59144163131714,2045,2048,416,3,0.01,0.002,5086,51
142.699481010437,2050,2048,416,-2,0.01,0.002,5081,51
142.80752515792847,2045,2048,416,3,0.01,0.002,5086,51
142.91562962532043,2048,2048,416,0,0.01,0.002,5083,51
143.02367854118347,2059,2048,415,-11,0.01,0.002,5072,51
143.13280153274536,2040,2048,416,8,0.01,0.002,5091,51
143.2408196926117,2050,2048,415,-2,0.01,0.002,5081,51
143.34886932373047,2044,2048,416,4,0.01,0.002,5087,51
143.45694160461426,2048,2048,416,0,0.01,0.002,5083,51
143.56509041786194,2045,2048,416,3,0.01,0.002,5086,51
143.6731538772583,2049,2048,416,-1,0.01,0.002,5082,51
143.78119349479675,2060,2048,415,-12,0.01,0.002,5071,51
143.88935589790344,2038,2048,416,10,0.01,0.002,5093,51
143.99759078025818,2049,2048,416,-1,0.01,0.002,5082,51
144.10531044006348,2046,2048,416,2,0.01,0.002,5085,51
144.21422052383423,2048,2048,416,0,0.01,0.002,5083,51
144.3222930431366,2049,2048,416,-1,0.01,0.002,5082,51
144.43033003807068,2059,2048,415,-11,0.01,0.002,5072,51
144.5378715991974,2039,2048,416,9,0.01,0.002,5092,51
144.64615893363953,2048,2048,416,0,0.01,0.002,5083,51
144.75366711616516,2046,2048,416,2,0.01,0.002,5085,51
144.86221075057983,2049,2048,416,-1,0.01,0.002,5082,51
144.96972918510437,2060,2048,414,-12,0.01,0.002,5071,51
145.07923913002014,2041,2048,415,7,0.01,0.002,5090,51
145.18690085411072,2047,2048,415,1,0.01,0.002,5084,51
145.2949297428131,2056,2048,414,-8,0.01,0.002,5075,51
145.40296483039856,2042,2048,415,6,0.01,0.002,5089,51
145.51098799705505,2051,2048,415,-3,0.01,0.002,5080,51
145.61905789375305,2046,2048,415,2,0.01,0.002,5085,51
145.72687888145447,2049,2048,415,-1,0.01,0.002,5082,51
145.83478331565857,2045,2048,415,3,0.01,0.002,5086,51
145.94385194778442,2050,2048,415,-2,0.01,0.002,5081,51
146.0509078502655,2046,2048,415,2,0.01,0.002,5085,51
146.15948510169983,2049,2048,415,-1,0.01,0.002,5082,51
146.26732301712036,2045,2048,415,3,0.01,0.002,5086,51
146.3758361339569,2053,2048,415,-5,0.01,0.002,5078,51
146.48387694358826,2046,2048,415,2,0.01,0.002,5085,51
146.59190201759338,2062,2048,414,-14,0.01,0.002,5069,51
146.70002245903015,2040,2048,414,8,0.01,0.002,5091,51
146.8091356754303,2063,2048,413,-15,0.01,0.002,5068,51
146.91754055023193,2040,2048,414,8,0.01,0.002,5091,51
147.0250482559204,2048,2048,414,0,0.01,0.002,5083,51
147.13342928886414,2047,2048,414,1,0.01,0.002,5084,51
147.24194192886353,2045,2048,414,3,0.01,0.002,5086,51
147.34973812103271,2050,2048,414,-2,0.01,0.002,5081,51
147.45809698104858,2045,2048,414,3,0.01,0.002,5086,51
147.56583714485168,2047,2048,414,1,0.01,0.002,5084,51
147.67384719848633,2045,2048,415,3,0.01,0.002,5086,51
147.7814884185791,2046,2048,415,2,0.01,0.002,5085,51
147.8902907371521,2049,2048,415,-1,0.01,0.002,5082,51
147.99780344963074,2045,2048,415,3,0.01,0.002,5086,51
148.1053171157837,2048,2048,415,0,0.01,0.002,5083,51
148.21434998512268,2062,2048,414,-14,0.01,0.002,5069,51
148.32285928726196,2042,2048,414,6,0.01,0.002,5089,51
148.43136739730835,2052,2048,414,-4,0.01,0.002,5079,51
148.53940868377686,2058,2048,413,-10,0.01,0.002,5073,51
148.6474437713623,2042,2048,413,6,0.01,0.002,5089,51
148.75551533699036,2050,2048,413,-2,0.01,0.002,5081,51
148.8635711669922,2044,2048,414,4,0.01,0.002,5087,51
148.97246479988098,2050,2048,413,-2,0.01,0.002,5081,51
149.0803484916687,2045,2048,414,3,0.01,0.002,5086,51
149.1875729560852,2050,2048,414,-2,0.01,0.002,5081,51
149.2965738773346,2061,2048,412,-13,0.01,0.002,5070,51
149.4045729637146,2040,2048,413,8,0.01,0.002,5091,51
149.51178455352783,2049,2048,413,-1,0.01,0.002,5082,51
149.6204652786255,2044,2048,413,4,0.01,0.002,5087,51
149.72849488258362,2049,2048,413,-1,0.01,0.002,5082,51
149.83670902252197,2039,2048,414,9,0.01,0.002,5092,51
149.94424438476562,2047,2048,414,1,0.01,0.002,5084,51
150.0522961616516,2047,2048,414,1,0.01,0.002,5084,51
150.16029691696167,2045,2048,415,3,0.01,0.002,5086,51
150.2685263156891,2050,2048,414,-2,0.01,0.002,5081,51
150.37652587890625,2046,2048,415,2,0.01,0.002,5085,51
150.484525680542,2049,2048,415,-1,0.01,0.002,5082,51
150.59260416030884,2044,2048,415,4,0.01,0.002,5087,51
150.70011806488037,2048,2048,415,0,0.01,0.002,5083,51
150.80842781066895,2047,2048,415,1,0.01,0.002,5084,51
150.9166145324707,2044,2048,415,4,0.01,0.002,5087,51
151.02486443519592,2062,2048,414,-14,0.01,0.002,5069,51
151.13334321975708,2041,2048,415,7,0.01,0.002,5090,51
151.2418987751007,2050,2048,415,-2,0.01,0.002,5081,51
151.34938788414001,2044,2048,415,4,0.01,0.002,5087,51
151.4579050540924,2052,2048,415,-4,0.01,0.002,5079,51
151.56553411483765,2043,2048,415,5,0.01,0.002,5088,51
151.6735336780548,2050,2048,415,-2,0.01,0.002,5081,51
151.78153347969055,2061,2048,414,-13,0.01,0.002,5070,51
151.89057040214539,2042,2048,414,6,0.01,0.002,5089,51
151.99860787391663,2050,2048,414,-2,0.01,0.002,5081,51
152.10662388801575,2045,2048,414,3,0.01,0.002,5086,51
152.2151322364807,2049,2048,414,-1,0.01,0.002,5082,51
152.32255268096924,2046,2048,414,2,0.01,0.002,5085,51
152.4305920600891,2045,2048,415,3,0.01,0.002,5086,51
152.53859210014343,2050,2048,414,-2,0.01,0.002,5081,51
152.64659214019775,2058,2048,413,-10,0.01,0.002,5073,51
152.75559210777283,2042,2048,414,6,0.01,0.002,5089,51
152.86364221572876,2051,2048,414,-3,0.01,0.002,5080,51
152.97164225578308,2046,2048,414,2,0.01,0.002,5085,51
153.07971668243408,2045,2048,414,3,0.01,0.002,5086,51
153.1877167224884,2049,2048,414,-1,0.01,0.002,5082,51
153.2962248325348,2050,2048,414,-2,0.01,0.002,5081,51
153.40430092811584,2060,2048,413,-12,0.01,0.002,5071,51
153.5133020877838,2041,2048,413,7,0.01,0.002,5090,51
153.62131905555725,2050,2048,413,-2,0.01,0.002,5081,51
153.7293186187744,2044,2048,414,4,0.01,0.002,5087,51
153.8375723361969,2050,2048,413,-2,0.01,0.002,5081,51
153.94497966766357,2045,2048,414,3,0.01,0.002,5086,51
154.0534861087799,2048,2048,414,0,0.01,0.002,5083,51
154.1614887714386,2045,2048,414,3,0.01,0.002,5086,51
154.26948618888855,2049,2048,414,-1,0.01,0.002,5082,51
154.37744212150574,2047,2048,414,1,0.01,0.002,5084,51
154.48496961593628,2046,2048,414,2,0.01,0.002,5085,51
154.5929696559906,2047,2048,414,1,0.01,0.002,5084,51
154.70100498199463,2046,2048,415,2,0.01,0.002,5085,51
154.80900406837463,2049,2048,414,-1,0.01,0.002,5082,51
154.91700434684753,2040,2048,415,8,0.01,0.002,5091,51
155.02501845359802,2050,2048,415,-2,0.01,0.002,5081,51
155.13401865959167,2044,2048,415,4,0.01,0.002,5087,51
155.24206638336182,2051,2048,415,-3,0.01,0.002,5080,51
155.3491849899292,2045,2048,415,3,0.01,0.002,5086,51
155.4576976299286,2055,2048,415,-7,0.01,0.002,5076,51
155.56584668159485,2047,2048,415,1,0.01,0.002,5084,51
155.67384696006775,2047,2048,415,1,0.01,0.002,5084,51
155.78184700012207,2060,2048,414,-12,0.01,0.002,5071,51
155.8908839225769,2041,2048,414,7,0.01,0.002,5090,51
155.9988832473755,2043,2048,415,5,0.01,0.002,5088,51
156.10691809654236,2049,2048,415,-1,0.01,0.002,5082,51
156.21491813659668,2046,2048,415,2,0.01,0.002,5085,51
156.32291769981384,2050,2048,415,-2,0.01,0.002,5081,51
156.43091773986816,2047,2048,415,1,0.01,0.002,5084,51
156.53897714614868,2045,2048,415,3,0.01,0.002,5086,51
156.64702105522156,2055,2048,415,-7,0.01,0.002,5076,51
156.75502109527588,2047,2048,415,1,0.01,0.002,5084,51
156.8630588054657,2045,2048,415,3,0.01,0.002,5086,51
156.9712426662445,2049,2048,415,-1,0.01,0.002,5082,51
157.07893753051758,2045,2048,415,3,0.01,0.002,5086,51
157.18673515319824,2048,2048,415,0,0.01,0.002,5083,51
157.29473495483398,2046,2048,415,2,0.01,0.002,5085,51
157.40278148651123,2050,2048,415,-2,0.01,0.002,5081,51
157.51078152656555,2059,2048,414,-11,0.01,0.002,5072,51
157.620290517807,2042,2048,415,6,0.01,0.002,5089,51
157.72829055786133,2053,2048,414,-5,0.01,0.002,5078,51
157.83629059791565,2047,2048,414,1,0.01,0.002,5084,51
157.94429111480713,2045,2048,415,3,0.01,0.002,5086,51
158.05230522155762,2048,2048,415,0,0.01,0.002,5083,51
158.16030621528625,2046,2048,415,2,0.01,0.002,5085,51
158.26830530166626,2049,2048,415,-1,0.01,0.002,5082,51
158.37630534172058,2060,2048,413,-12,0.01,0.002,5071,51
158.48530530929565,2041,2048,414,7,0.01,0.002,5090,51
158.5938000679016,2050,2048,414,-2,0.01,0.002,5081,51
158.70117926597595,2059,2048,413,-11,0.01,0.002,5072,51
158.8101990222931,2041,2048,414,7,0.01,0.002,5090,51
158.91819858551025,2050,2048,413,-2,0.01,0.002,5081,51
159.02619886398315,2050,2048,413,-2,0.01,0.002,5081,51
159.13419890403748,2058,2048,412,-10,0.01,0.002,5073,51
159.24319982528687,2041,2048,413,7,0.01,0.002,5090,51
159.35214519500732,2059,2048,412,-11,0.01,0.002,5071,51
159.46014738082886,2044,2048,412,4,0.01,0.002,5087,51
159.5681655406952,2050,2048,412,-2,0.01,0.002,5080,51
159.67616534233093,2045,2048,412,3,0.01,0.002,5086,51
159.78416562080383,2049,2048,412,-1,0.01,0.002,5082,51
159.8932225704193,2060,2048,411,-12,0.01,0.002,5070,51
160.00122690200806,2040,2048,412,8,0.01,0.002,5090,51
160.10948872566223,2063,2048,410,-15,0.01,0.002,5067,51
160.21874070167542,2041,2048,411,7,0.01,0.002,5089,51
160.32709789276123,2049,2048,411,-1,0.01,0.002,5081,51
160.4351511001587,2056,2048,410,-8,0.01,0.002,5074,51
160.54315090179443,2042,2048,411,6,0.01,0.002,5088,51
160.65066480636597,2050,2048,410,-2,0.01,0.002,5080,51
160.75824570655823,2045,2048,411,3,0.01,0.002,5085,51
160.86724543571472,2049,2048,411,-1,0.01,0.002,5081,51
160.9752585887909,2044,2048,411,4,0.01,0.002,5086,51
161.08316016197205,2054,2048,410,-6,0.01,0.002,5076,51
161.19126272201538,2045,2048,411,3,0.01,0.002,5085,51
161.29933881759644,2050,2048,411,-2,0.01,0.002,5080,51
161.40733814239502,2060,2048,409,-12,0.01,0.002,5070,51
161.51637768745422,2040,2048,410,8,0.01,0.002,5090,51
161.6243772506714,2065,2048,408,-17,0.01,0.002,5065,51
161.7328851222992,2033,2048,410,15,0.01,0.002,5097,51
161.84115314483643,2051,2048,410,-3,0.01,0.002,5079,51
161.94954133033752,2060,2048,408,-12,0.01,0.002,5070,51
162.0576274394989,2039,2048,409,9,0.01,0.002,5091,51
162.16562747955322,2048,2048,409,0,0.01,0.002,5082,51
162.27413821220398,2054,2048,409,-6,0.01,0.002,5076,51
162.3821382522583,2044,2048,409,4,0.01,0.002,5086,51
162.4901521205902,2048,2048,409,0,0.01,0.002,5082,51
162.59832286834717,2046,2048,409,2,0.01,0.002,5084,51
162.7063229084015,2046,2048,410,2,0.01,0.002,5084,51
162.81432271003723,2043,2048,410,5,0.01,0.002,5087,51
162.9228310585022,2051,2048,410,-3,0.01,0.002,5079,51
163.02983164787292,2045,2048,410,3,0.01,0.002,5085,51
163.13883066177368,2050,2048,410,-2,0.01,0.002,5080,51
163.24683094024658,2059,2048,409,-11,0.01,0.002,5071,51
163.35479164123535,2042,2048,409,6,0.01,0.002,5088,51
163.46242332458496,2049,2048,409,-1,0.01,0.002,5081,51
163.57077598571777,2061,2048,408,-13,0.01,0.002,5069,51
163.67980861663818,2039,2048,409,9,0.01,0.002,5091,51
163.78780889511108,2049,2048,409,-1,0.01,0.002,5081,51
163.8953173160553,2059,2048,408,-11,0.01,0.002,5071,51
164.00414395332336,2043,2048,408,5,0.01,0.002,5087,51
164.11214017868042,2048,2048,408,0,0.01,0.002,5082,51
164.2201862335205,2046,2048,408,2,0.01,0.002,5084,51
164.32818627357483,2047,2048,408,1,0.01,0.002,5083,51
164.43618607521057,2044,2048,409,4,0.01,0.002,5086,51
164.54518747329712,2063,2048,407,-15,0.01,0.002,5067,51
164.65318608283997,2040,2048,408,8,0.01,0.002,5090,51
164.7611861228943,2048,2048,408,0,0.01,0.002,5082,51
164.87018609046936,2045,2048,408,3,0.01,0.002,5085,51
164.97809100151062,2046,2048,409,2,0.01,0.002,5084,51
165.08635258674622,2037,2048,410,11,0.01,0.002,5093,51
165.19421815872192,2049,2048,410,-1,0.01,0.002,5081,51
165.30221891403198,2044,2048,410,4,0.01,0.002,5086,51
165.40986800193787,2051,2048,410,-3,0.01,0.002,5079,51
165.51786828041077,2059,2048,409,-11,0.01,0.002,5071,51
165.62688875198364,2041,2048,409,7,0.01,0.002,5089,51
165.73488807678223,2050,2048,409,-2,0.01,0.002,5080,51
165.8429183959961,2043,2048,410,5,0.01,0.002,5087,51
165.95091819763184,2051,2048,409,-3,0.01,0.002,5079,51
166.05935978889465,2056,2048,409,-8,0.01,0.002,5074,51
166.16746950149536,2042,2048,409,6,0.01,0.002,5088,51
166.27547121047974,2051,2048,409,-3,0.01,0.002,5079,51
166.3835039138794,2045,2048,409,3,0.01,0.002,5085,51
166.4905652999878,2047,2048,409,1,0.01,0.002,5083,51
166.59956526756287,2044,2048,410,4,0.01,0.002,5086,51
166.7068853378296,2047,2048,410,1,0.01,0.002,5083,51
166.81523370742798,2059,2048,409,-11,0.01,0.002,5071,51
166.92328763008118,2043,2048,409,5,0.01,0.002,5087,51
167.0312876701355,2050,2048,409,-2,0.01,0.002,5080,51
167.13928866386414,2060,2048,408,-12,0.01,0.002,5070,51
167.24856066703796,2043,2048,408,5,0.01,0.002,5087,51
167.35656094551086,2050,2048,408,-2,0.01,0.002,5080,51
167.46456122398376,2046,2048,408,2,0.01,0.002,5084,51
167.57256078720093,2045,2048,409,3,0.01,0.002,5085,51
167.68056082725525,2060,2048,407,-12,0.01,0.002,5070,51
167.7895610332489,2043,2048,408,5,0.01,0.002,5087,51
167.8975613117218,2048,2048,408,0,0.01,0.002,5082,51
168.00556087493896,2046,2048,408,2,0.01,0.002,5084,51
168.11362028121948,2047,2048,408,1,0.01,0.002,5083,51
168.22162055969238,2047,2048,408,1,0.01,0.002,5083,51
168.3297951221466,2062,2048,407,-14,0.01,0.002,5067,51
168.43875932693481,2043,2048,407,5,0.01,0.002,5087,51
168.54623866081238,2048,2048,407,0,0.01,0.002,5082,51
168.6543209552765,2045,2048,408,3,0.01,0.002,5085,51
168.7623212337494,2048,2048,408,0,0.01,0.002,5082,51
168.87082648277283,2046,2048,408,2,0.01,0.002,5084,51
168.9789514541626,2059,2048,407,-11,0.01,0.002,5070,51
169.0880410671234,2042,2048,407,6,0.01,0.002,5088,51
169.19538617134094,2050,2048,407,-2,0.01,0.002,5080,51
169.30438566207886,2046,2048,407,2,0.01,0.002,5084,51
169.41238570213318,2046,2048,408,2,0.01,0.002,5084,51
169.52005791664124,2051,2048,407,-3,0.01,0.002,5079,51
169.62790441513062,2047,2048,407,1,0.01,0.002,5083,51
169.7359049320221,2047,2048,407,1,0.01,0.002,5083,51
169.84361457824707,2044,2048,408,4,0.01,0.002,5086,51
169.95271587371826,2063,2048,406,-15,0.01,0.002,5066,51
170.0609724521637,2042,2048,407,6,0.01,0.002,5088,51
170.16912484169006,2052,2048,407,-4,0.01,0.002,5077,51
170.27712440490723,2060,2048,405,-12,0.01,0.002,5069,51
170.38649153709412,2038,2048,406,10,0.01,0.002,5091,51
170.49449157714844,2050,2048,406,-2,0.01,0.002,5079,51
170.60175347328186,2048,2048,406,0,0.01,0.002,5081,51
170.71075439453125,2061,2048,405,-13,0.01,0.002,5068,51
170.81878805160522,2041,2048,406,7,0.01,0.002,5088,51
170.92778873443604,2051,2048,405,-3,0.01,0.002,5078,51
171.03546738624573,2045,2048,406,3,0.01,0.002,5084,51
171.14346718788147,2049,2048,405,-1,0.01,0.002,5080,51
171.2514672279358,2045,2048,406,3,0.01,0.002,5084,51
171.35948204994202,2052,2048,405,-4,0.01,0.002,5077,51
171.46748208999634,2062,2048,404,-14,0.01,0.002,5067,51
171.57512545585632,2043,2048,404,5,0.01,0.002,5086,51
171.68357467651367,2050,2048,404,-2,0.01,0.002,5079,51
171.79157519340515,2045,2048,405,3,0.01,0.002,5084,51
171.8995954990387,2044,2048,405,4,0.01,0.002,5085,51
172.00759530067444,2049,2048,405,-1,0.01,0.002,5080,51
172.11559557914734,2045,2048,405,3,0.01,0.002,5084,51
172.22364163398743,2046,2048,405,2,0.01,0.002,5083,51
172.33119201660156,2044,2048,406,4,0.01,0.002,5085,51
172.4402232170105,2049,2048,406,-1,0.01,0.002,5080,51
172.5472228527069,2048,2048,406,0,0.01,0.002,5081,51
172.65527486801147,2045,2048,406,3,0.01,0.002,5084,51
172.76327466964722,2045,2048,406,3,0.01,0.002,5084,51
172.8718225955963,2045,2048,407,3,0.01,0.002,5084,51
172.97982382774353,2043,2048,407,5,0.01,0.002,5087,51
173.08782243728638,2048,2048,407,0,0.01,0.002,5082,51
173.19612097740173,2061,2048,406,-13,0.01,0.002,5068,51
173.3044593334198,2044,2048,406,4,0.01,0.002,5085,51
173.41250324249268,2048,2048,406,0,0.01,0.002,5081,51
173.52057075500488,2047,2048,406,1,0.01,0.002,5082,51
173.62959718704224,2050,2048,406,-2,0.01,0.002,5079,51
173.73733520507812,2047,2048,406,1,0.01,0.002,5082,51
173.8453381061554,2047,2048,406,1,0.01,0.002,5082,51
173.95333790779114,2046,2048,406,2,0.01,0.002,5083,51
174.0616602897644,2059,2048,405,-11,0.01,0.002,5070,51
174.16966271400452,2040,2048,406,8,0.01,0.002,5089,51
174.27783799171448,2051,2048,406,-3,0.01,0.002,5078,51
174.38651156425476,2046,2048,406,2,0.01,0.002,5083,51
174.49454283714294,2045,2048,406,3,0.01,0.002,5084,51
174.60254287719727,2044,2048,407,4,0.01,0.002,5085,51
174.7105429172516,2051,2048,406,-3,0.01,0.002,5078,51
174.8178894519806,2046,2048,407,2,0.01,0.002,5083,51
174.92627334594727,2045,2048,407,3,0.01,0.002,5084,51
175.03426933288574,2045,2048,407,3,0.01,0.002,5085,51
175.14226937294006,2048,2048,407,0,0.01,0.002,5082,51
175.25077867507935,2059,2048,406,-11,0.01,0.002,5070,51
175.35977864265442,2044,2048,407,4,0.01,0.002,5085,51
175.46806979179382,2065,2048,405,-17,0.01,0.002,5064,51
175.57698225975037,2038,2048,406,10,0.01,0.002,5091,51
175.68498158454895,2051,2048,406,-3,0.01,0.002,5078,51
175.792489528656,2060,2048,404,-12,0.01,0.002,5069,51
175.90150547027588,2042,2048,405,6,0.01,0.002,5087,51
176.0095055103302,2050,2048,405,-2,0.01,0.002,5079,51
176.11750531196594,2061,2048,403,-13,0.01,0.002,5068,51
176.22650527954102,2040,2048,404,8,0.01,0.002,5089,51
176.33457326889038,2049,2048,404,-1,0.01,0.002,5080,51
176.4428746700287,2046,2048,404,2,0.01,0.002,5083,51
176.55084776878357,2045,2048,405,3,0.01,0.002,5084,51
176.6589391231537,2045,2048,405,3,0.01,0.002,5084,51
176.76693892478943,2047,2048,405,1,0.01,0.002,5082,51
176.87498664855957,2046,2048,405,2,0.01,0.002,5083,51
176.98304796218872,2046,2048,405,2,0.01,0.002,5083,51
177.09104800224304,2057,2048,405,-9,0.01,0.002,5072,51
177.1990876197815,2041,2048,405,7,0.01,0.002,5088,51
177.30710220336914,2048,2048,405,0,0.01,0.002,5081,51
177.4151017665863,2045,2048,406,3,0.01,0.002,5084,51
177.52245616912842,2046,2048,406,2,0.01,0.002,5083,51
177.6314561367035,2043,2048,406,5,0.01,0.002,5086,51
177.73945569992065,2048,2048,406,0,0.01,0.002,5081,51
177.8469648361206,2049,2048,406,-1,0.01,0.002,5080,51
177.95496487617493,2059,2048,405,-11,0.01,0.002,5070,51
178.06316542625427,2041,2048,406,7,0.01,0.002,5088,51
178.17152047157288,2049,2048,406,-1,0.01,0.002,5080,51
178.27952003479004,2060,2048,404,-12,0.01,0.002,5069,51
178.38774466514587,2042,2048,405,6,0.01,0.002,5087,51
178.49674463272095,2052,2048,405,-4,0.01,0.002,5077,51
178.60374474525452,2045,2048,405,3,0.01,0.002,5084,51
178.71179151535034,2046,2048,405,2,0.01,0.002,5083,51
178.8200500011444,2045,2048,405,3,0.01,0.002,5084,51
178.92834949493408,2043,2048,406,5,0.01,0.002,5086,51
179.03640151023865,2049,2048,406,-1,0.01,0.002,5080,51
179.1444013118744,2044,2048,406,4,0.01,0.002,5085,51
179.25261998176575,2050,2048,406,-2,0.01,0.002,5079,51
179.3606195449829,2047,2048,406,1,0.01,0.002,5082,51
179.46861958503723,2046,2048,406,2,0.01,0.002,5083,51
179.57625365257263,2042,2048,407,6,0.01,0.002,5088,51
179.68439173698425,2049,2048,407,-1,0.01,0.002,5080,51
179.79278349876404,2059,2048,406,-11,0.01,0.002,5070,51
179.9017825126648,2041,2048,406,7,0.01,0.002,5088,51
180.00978231430054,2049,2048,406,-1,0.01,0.002,5080,51
180.11778235435486,2059,2048,405,-11,0.01,0.002,5070,51
180.22681784629822,2042,2048,406,6,0.01,0.002,5087,51
180.33517360687256,2049,2048,406,-1,0.01,0.002,5080,51
180.44317317008972,2060,2048,405,-12,0.01,0.002,5069,51
180.5516858100891,2039,2048,405,9,0.01,0.002,5090,51
180.659686088562,2048,2048,405,0,0.01,0.002,5081,51
180.7676854133606,2046,2048,406,2,0.01,0.002,5083,51
180.87582802772522,2045,2048,406,3,0.01,0.002,5084,51
180.98382830619812,2045,2048,406,3,0.01,0.002,5084,51
181.09182810783386,2046,2048,406,2,0.01,0.002,5083,51
181.19987082481384,2045,2048,407,3,0.01,0.002,5084,51
181.30812215805054,2044,2048,407,4,0.01,0.002,5086,51
181.4165461063385,2062,2048,406,-14,0.01,0.002,5067,51
181.52463793754578,2042,2048,406,6,0.01,0.002,5087,51
181.632639169693,2051,2048,406,-3,0.01,0.002,5078,51
181.7412133216858,2059,2048,405,-11,0.01,0.002,5070,51
181.85021305084229,2042,2048,406,6,0.01,0.002,5087,51
181.95825171470642,2055,2048,405,-7,0.01,0.002,5074,51
182.06625247001648,2040,2048,406,8,0.01,0.002,5089,51
182.17425203323364,2065,2048,404,-17,0.01,0.002,5064,51
182.28325152397156,2038,2048,405,10,0.01,0.002,5091,51
182.39125156402588,2048,2048,405,0,0.01,0.002,5081,51
182.4992516040802,2061,2048,404,-13,0.01,0.002,5068,51
182.60825181007385,2038,2048,405,10,0.01,0.002,5091,51
182.7162516117096,2048,2048,405,0,0.01,0.002,5081,51
182.8242518901825,2047,2048,405,1,0.01,0.002,5082,51
182.9323878288269,2045,2048,405,3,0.01,0.002,5084,51
183.03982186317444,2045,2048,405,3,0.01,0.002,5084,51
183.14788842201233,2044,2048,406,4,0.01,0.002,5085,51
183.25691151618958,2066,2048,404,-18,0.01,0.002,5063,51
183.36532139778137,2039,2048,405,9,0.01,0.002,5090,51
183.47332215309143,2050,2048,405,-2,0.01,0.002,5079,51
183.58172130584717,2045,2048,405,3,0.01,0.002,5084,51
183.68972039222717,2043,2048,405,5,0.01,0.002,5086,51
183.79772281646729,2050,2048,405,-2,0.01,0.002,5079,51
183.90568470954895,2046,2048,405,2,0.01,0.002,5083,51
184.0136845111847,2045,2048,406,3,0.01,0.002,5084,51
184.1216835975647,2045,2048,406,3,0.01,0.002,5084,51
184.22968363761902,2045,2048,406,3,0.01,0.002,5084,51
184.33768391609192,2045,2048,407,3,0.01,0.002,5084,51
184.44596457481384,2045,2048,407,3,0.01,0.002,5084,51
184.55396389961243,2045,2048,407,3,0.01,0.002,5085,51
184.6619999408722,2043,2048,408,5,0.01,0.002,5087,51
184.76960945129395,2049,2048,408,-1,0.01,0.002,5081,51
184.8776092529297,2045,2048,408,3,0.01,0.002,5085,51
184.98566389083862,2045,2048,408,3,0.01,0.002,5085,51
185.09366703033447,2047,2048,408,1,0.01,0.002,5083,51
185.20169830322266,2045,2048,409,3,0.01,0.002,5085,51
185.30975198745728,2040,2048,409,8,0.01,0.002,5090,51
185.41775226593018,2063,2048,408,-15,0.01,0.002,5067,51
185.526752948761,2041,2048,409,7,0.01,0.002,5089,51
185.63453149795532,2049,2048,409,-1,0.01,0.002,5081,51
185.74253058433533,2043,2048,409,5,0.01,0.002,5087,51
185.85063409805298,2050,2048,409,-2,0.01,0.002,5080,51
185.95863366127014,2062,2048,407,-14,0.01,0.002,5068,51
186.06788063049316,2041,2048,408,7,0.01,0.002,5089,51
186.17611479759216,2047,2048,408,1,0.01,0.002,5083,51
186.28432822227478,2061,2048,407,-13,0.01,0.002,5069,51
186.39333319664001,2041,2048,408,7,0.01,0.002,5089,51
186.5013301372528,2044,2048,408,4,0.01,0.002,5086,51
186.60947513580322,2048,2048,408,0,0.01,0.002,5082,51
186.71747541427612,2046,2048,408,2,0.01,0.002,5084,51
186.82547569274902,2041,2048,409,7,0.01,0.002,5089,51
186.9335172176361,2049,2048,409,-1,0.01,0.002,5081,51
187.04151725769043,2045,2048,409,3,0.01,0.002,5085,51
187.14883589744568,2046,2048,409,2,0.01,0.002,5084,51
187.2578365802765,2060,2048,408,-12,0.01,0.002,5070,51
187.36597299575806,2041,2048,409,7,0.01,0.002,5089,51
187.47397327423096,2047,2048,409,1,0.01,0.002,5083,51
187.5817527770996,2045,2048,409,3,0.01,0.002,5085,51
187.69043064117432,2045,2048,410,3,0.01,0.002,5085,51
187.79867815971375,2049,2048,409,-1,0.01,0.002,5081,51
187.90677618980408,2044,2048,410,4,0.01,0.002,5086,51
188.0147762298584,2047,2048,410,1,0.01,0.002,5083,51
188.1227777004242,2062,2048,409,-14,0.01,0.002,5068,51
188.23177647590637,2042,2048,409,6,0.01,0.002,5088,51
188.3397765159607,2051,2048,409,-3,0.01,0.002,5079,51
188.44777631759644,2044,2048,409,4,0.01,0.002,5086,51
188.55513215065002,2055,2048,409,-7,0.01,0.002,5075,51
188.66313195228577,2041,2048,409,7,0.01,0.002,5089,51
188.77116656303406,2049,2048,409,-1,0.01,0.002,5081,51
188.8801670074463,2060,2048,408,-12,0.01,0.002,5070,51
188.98816633224487,2039,2048,409,9,0.01,0.002,5091,51
189.09667491912842,2051,2048,409,-3,0.01,0.002,5079,51
189.204181432724,2046,2048,409,2,0.01,0.002,5084,51
189.31292486190796,2045,2048,409,3,0.01,0.002,5085,51
189.4202709197998,2047,2048,409,1,0.01,0.002,5083,51
189.5287799835205,2045,2048,409,3,0.01,0.002,5085,51
189.63678288459778,2044,2048,410,4,0.01,0.002,5086,51
189.74477887153625,2048,2048,410,0,0.01,0.002,5082,51
189.85228729248047,2041,2048,411,7,0.01,0.002,5089,51
189.96128678321838,2049,2048,410,-1,0.01,0.002,5081,51
190.06928706169128,2059,2048,409,-11,0.01,0.002,5071,51
190.1782877445221,2040,2048,410,8,0.01,0.002,5090,51
190.2857961654663,2065,2048,408,-17,0.01,0.002,5065,51
190.39479565620422,2036,2048,410,12,0.01,0.002,5094,51
190.50282788276672,2048,2048,410,0,0.01,0.002,5082,51
190.61084175109863,2046,2048,410,2,0.01,0.002,5084,51
190.71884202957153,2045,2048,410,3,0.01,0.002,5085,51
190.82735419273376,2049,2048,410,-1,0.01,0.002,5081,51
190.93561244010925,2060,2048,409,-12,0.01,0.002,5070,51
191.04399943351746,2042,2048,409,6,0.01,0.002,5088,51
191.15199947357178,2050,2048,409,-2,0.01,0.002,5080,51
191.26006865501404,2061,2048,408,-13,0.01,0.002,5069,51
191.3690686225891,2039,2048,409,9,0.01,0.002,5091,51
191.47709918022156,2048,2048,409,0,0.01,0.002,5082,51
191.58509922027588,2044,2048,409,4,0.01,0.002,5086,51
191.69309949874878,2052,2048,409,-4,0.01,0.002,5078,51
191.80109906196594,2046,2048,409,2,0.01,0.002,5084,51
191.90909910202026,2044,2048,409,4,0.01,0.002,5086,51
192.0170760154724,2047,2048,410,1,0.01,0.002,5083,51
192.1250901222229,2056,2048,409,-8,0.01,0.002,5074,51
192.23375725746155,2044,2048,409,4,0.01,0.002,5086,51
192.3417568206787,2051,2048,409,-3,0.01,0.002,5079,51
192.44975686073303,2042,2048,409,6,0.01,0.002,5088,51
192.55741834640503,2048,2048,409,0,0.01,0.002,5082,51
192.66579127311707,2060,2048,408,-12,0.01,0.002,5070,51
192.7747941017151,2040,2048,409,8,0.01,0.002,5090,51
192.88283562660217,2065,2048,407,-17,0.01,0.002,5065,51
192.99183559417725,2036,2048,409,12,0.01,0.002,5094,51
193.099835395813,2050,2048,408,-2,0.01,0.002,5080,51
193.20783638954163,2045,2048,409,3,0.01,0.002,5085,51
193.31583523750305,2044,2048,409,4,0.01,0.002,5086,51
193.42383527755737,2051,2048,409,-3,0.01,0.002,5079,51
193.53189945220947,2039,2048,410,9,0.01,0.002,5091,51
193.6399164199829,2048,2048,410,0,0.01,0.002,5082,51
193.7479681968689,2060,2048,408,-12,0.01,0.002,5070,51
193.8569679260254,2039,2048,409,9,0.01,0.002,5091,51
193.96503686904907,2049,2048,409,-1,0.01,0.002,5081,51
194.07303714752197,2058,2048,408,-10,0.01,0.002,5072,51
194.18216681480408,2042,2048,409,6,0.01,0.002,5088,51
194.28950428962708,2049,2048,409,-1,0.01,0.002,5081,51
194.3975043296814,2047,2048,409,1,0.01,0.002,5083,51
194.50553727149963,2045,2048,409,3,0.01,0.002,5085,51
194.61353707313538,2044,2048,410,4,0.01,0.002,5086,51
194.7226185798645,2063,2048,408,-15,0.01,0.002,5067,51
194.83061861991882,2040,2048,409,8,0.01,0.002,5090,51
194.93866300582886,2049,2048,409,-1,0.01,0.002,5081,51
195.04673385620117,2045,2048,409,3,0.01,0.002,5085,51
195.1547336578369,2047,2048,409,1,0.01,0.002,5083,51
195.26318216323853,2061,2048,408,-13,0.01,0.002,5069,51
195.37224292755127,2042,2048,408,6,0.01,0.002,5088,51
195.48024368286133,2047,2048,409,1,0.01,0.002,5083,51
195.58779859542847,2045,2048,409,3,0.01,0.002,5085,51
195.6957986354828,2047,2048,409,1,0.01,0.002,5083,51
195.8040292263031,2045,2048,409,3,0.01,0.002,5085,51
195.91238856315613,2045,2048,410,3,0.01,0.002,5085,51
196.02047753334045,2048,2048,410,0,0.01,0.002,5082,51
196.1284430027008,2045,2048,410,3,0.01,0.002,5085,51
196.23644018173218,2050,2048,410,-2,0.01,0.002,5080,51
196.34448170661926,2058,2048,409,-10,0.01,0.002,5072,51
196.45348167419434,2039,2048,410,9,0.01,0.002,5091,51
196.5615794658661,2048,2048,410,0,0.01,0.002,5082,51
196.6695795059204,2060,2048,408,-12,0.01,0.002,5070,51
196.7785792350769,2039,2048,409,9,0.01,0.002,5091,51
196.88636803627014,2048,2048,409,0,0.01,0.002,5082,51
196.99436807632446,2043,2048,410,5,0.01,0.002,5087,51
197.10236811637878,2049,2048,410,-1,0.01,0.002,5081,51
197.21036839485168,2061,2048,408,-13,0.01,0.002,5069,51
197.318368434906,2041,2048,409,7,0.01,0.002,5089,51
197.4266631603241,2048,2048,409,0,0.01,0.002,5082,51
197.53402614593506,2039,2048,410,9,0.01,0.002,5091,51
197.6430263519287,2049,2048,410,-1,0.01,0.002,5081,51
197.75102615356445,2059,2048,409,-11,0.01,0.002,5071,51
197.85902643203735,2054,2048,408,-6,0.01,0.002,5076,51
197.96702909469604,2049,2048,408,-1,0.01,0.002,5081,51
198.07499361038208,2059,2048,407,-11,0.01,0.002,5071,51
198.18399357795715,2039,2048,408,9,0.01,0.002,5091,51
198.29201769828796,2047,2048,408,1,0.01,0.002,5083,51
198.40001678466797,2043,2048,408,5,0.01,0.002,5087,51
198.50801849365234,2053,2048,408,-5,0.01,0.002,5077,51
198.616112947464,2046,2048,408,2,0.01,0.002,5084,51
198.724112033844,2043,2048,409,5,0.01,0.002,5087,51
198.83211278915405,2050,2048,408,-2,0.01,0.002,5080,51
198.94011425971985,2063,2048,407,-15,0.01,0.002,5066,51
199.04833722114563,2041,2048,408,7,0.01,0.002,5089,51
199.15664625167847,2049,2048,408,-1,0.01,0.002,5081,51
199.265118598938,2044,2048,408,4,0.01,0.002,5086,51
199.373117685318,2049,2048,408,-1,0.01,0.002,5081,51
199.48064374923706,2046,2048,408,2,0.01,0.002,5084,51
199.58915066719055,2046,2048,408,2,0.01,0.002,5084,51
199.69715070724487,2061,2048,407,-13,0.01,0.002,5069,51
199.80618691444397,2041,2048,408,7,0.01,0.002,5089,51
199.9141869544983,2049,2048,408,-1,0.01,0.002,5081,51
200.02124691009521,2046,2048,408,2,0.01,0.002,5084,51
200.12924671173096,2045,2048,408,3,0.01,0.002,5085,51
200.23824644088745,2046,2048,408,2,0.01,0.002,5084,51
200.34524703025818,2046,2048,408,2,0.01,0.002,5084,51
200.4535527229309,2044,2048,409,4,0.01,0.002,5086,51
200.5615839958191,2062,2048,407,-14,0.01,0.002,5068,51
200.6709177494049,2040,2048,408,8,0.01,0.002,5090,51
200.77934050559998,2047,2048,408,1,0.01,0.002,5083,51
200.88734006881714,2043,2048,409,5,0.01,0.002,5087,51
200.9953830242157,2045,2048,409,3,0.01,0.002,5085,51
201.10338258743286,2059,2048,408,-11,0.01,0.002,5071,51
201.2120234966278,2039,2048,409,9,0.01,0.002,5091,51
201.3200225830078,2047,2048,409,1,0.01,0.002,5083,51
201.4280526638031,2043,2048,410,5,0.01,0.002,5087,51
201.53605270385742,2050,2048,409,-2,0.01,0.002,5080,51
201.64405369758606,2044,2048,410,4,0.01,0.002,5086,51
201.75205302238464,2048,2048,410,0,0.01,0.002,5082,51
201.86056089401245,2046,2048,410,2,0.01,0.002,5084,51
201.9685606956482,2043,2048,410,5,0.01,0.002,5087,51
202.07656073570251,2051,2048,410,-3,0.01,0.002,5079,51
202.1838617324829,2044,2048,411,4,0.01,0.002,5086,51
202.29211115837097,2049,2048,410,-1,0.01,0.002,5081,51
202.4004967212677,2046,2048,411,2,0.01,0.002,5084,51
202.50851011276245,2051,2048,410,-3,0.01,0.002,5079,51
202.61669445037842,2044,2048,411,4,0.01,0.002,5086,51
202.72469472885132,2049,2048,411,-1,0.01,0.002,5081,51
202.8322024345398,2045,2048,411,3,0.01,0.002,5085,51
202.9402973651886,2048,2048,411,0,0.01,0.002,5082,51
203.04829740524292,2059,2048,410,-11,0.01,0.002,5071,51
203.1573405265808,2041,2048,411,7,0.01,0.002,5089,51
203.26534056663513,2049,2048,410,-1,0.01,0.002,5081,51
203.37334060668945,2059,2048,409,-11,0.01,0.002,5071,51
203.48234057426453,2040,2048,410,8,0.01,0.002,5090,51
203.59027361869812,2063,2048,409,-15,0.01,0.002,5067,51
203.6992735862732,2040,2048,409,8,0.01,0.002,5090,51
203.80729460716248,2050,2048,409,-2,0.01,0.002,5080,51
203.91544342041016,2045,2048,410,3,0.01,0.002,5085,51
204.02410697937012,2049,2048,409,-1,0.01,0.002,5081,51
204.13210678100586,2059,2048,408,-11,0.01,0.002,5071,51
204.24110794067383,2042,2048,409,6,0.01,0.002,5088,51
204.3491084575653,2049,2048,409,-1,0.01,0.002,5081,51
204.45710682868958,2045,2048,409,3,0.01,0.002,5085,51
204.56485724449158,2044,2048,410,4,0.01,0.002,5086,51
204.672856092453,2050,2048,409,-2,0.01,0.002,5080,51
204.7808563709259,2045,2048,410,3,0.01,0.002,5085,51
204.88888883590698,2050,2048,409,-2,0.01,0.002,5080,51
204.99688959121704,2060,2048,408,-12,0.01,0.002,5070,51
205.10588955879211,2041,2048,409,7,0.01,0.002,5089,51
205.21389055252075,2052,2048,409,-4,0.01,0.002,5078,51
205.32239747047424,2059,2048,407,-11,0.01,0.002,5071,51
205.43090653419495,2039,2048,408,9,0.01,0.002,5091,51
205.53869533538818,2047,2048,408,1,0.01,0.002,5083,51
205.64706301689148,2043,2048,409,5,0.01,0.002,5087,51
205.75506281852722,2048,2048,409,0,0.01,0.002,5082,51
205.8630940914154,2043,2048,409,5,0.01,0.002,5087,51
205.97109389305115,2050,2048,409,-2,0.01,0.002,5080,51
206.0790958404541,2059,2048,408,-11,0.01,0.002,5071,51
206.18809413909912,2040,2048,409,8,0.01,0.002,5090,51
206.29615235328674,2065,2048,407,-17,0.01,0.002,5065,51
206.40515232086182,2036,2048,408,12,0.01,0.002,5094,51
206.51329517364502,2048,2048,408,0,0.01,0.002,5082,51
206.62129497528076,2045,2048,409,3,0.01,0.002,5085,51
206.72929525375366,2045,2048,409,3,0.01,0.002,5085,51
206.83729529380798,2048,2048,409,0,0.01,0.002,5082,51
206.9453101158142,2042,2048,410,6,0.01,0.002,5088,51
207.0535535812378,2049,2048,410,-1,0.01,0.002,5081,51
207.1615538597107,2042,2048,410,6,0.01,0.002,5088,51
207.26940250396729,2046,2048,410,2,0.01,0.002,5084,51
207.3774025440216,2046,2048,411,2,0.01,0.002,5084,51
207.48640275001526,2059,2048,409,-11,0.01,0.002,5071,51
207.59503841400146,2041,2048,410,7,0.01,0.002,5089,51
207.70303797721863,2053,2048,410,-5,0.01,0.002,5077,51
207.8110373020172,2060,2048,408,-12,0.01,0.002,5070,51
207.92003750801086,2041,2048,409,7,0.01,0.002,5089,51
208.02754735946655,2049,2048,409,-1,0.01,0.002,5081,51
208.13654732704163,2060,2048,408,-12,0.01,0.002,5070,51
208.24454736709595,2041,2048,409,7,0.01,0.002,5089,51
208.352623462677,2050,2048,408,-2,0.01,0.002,5080,51
208.4606375694275,2044,2048,409,4,0.01,0.002,5086,51
208.56914687156677,2047,2048,409,1,0.01,0.002,5083,51
208.6771457195282,2041,2048,410,7,0.01,0.002,5089,51
208.78544688224792,2049,2048,409,-1,0.01,0.002,5081,51
208.89279437065125,2047,2048,410,1,0.01,0.002,5083,51
209.00087022781372,2040,2048,410,8,0.01,0.002,5090,51
209.10987043380737,2049,2048,410,-1,0.01,0.002,5081,51
209.2169144153595,2041,2048,411,7,0.01,0.002,5089,51
209.32591462135315,2050,2048,411,-2,0.01,0.002,5080,51
209.43291401863098,2045,2048,411,3,0.01,0.002,5085,51
209.54191398620605,2049,2048,411,-1,0.01,0.002,5081,51
209.64991426467896,2059,2048,410,-11,0.01,0.002,5071,51
209.75891423225403,2041,2048,411,7,0.01,0.002,5089,51
209.86691427230835,2052,2048,410,-4,0.01,0.002,5078,51
209.9749312400818,2044,2048,411,4,0.01,0.002,5086,51
210.08298659324646,2048,2048,411,0,0.01,0.002,5082,51
210.19098687171936,2045,2048,411,3,0.01,0.002,5085,51
210.29849362373352,2046,2048,411,2,0.01,0.002,5084,51
210.406751871109,2047,2048,411,1,0.01,0.002,5083,51
210.51511192321777,2059,2048,410,-11,0.01,0.002,5071,51
210.6241111755371,2043,2048,411,5,0.01,0.002,5087,51
210.73211097717285,2048,2048,411,0,0.01,0.002,5082,51
210.8401107788086,2045,2048,411,3,0.01,0.002,5085,51
210.94761872291565,2052,2048,410,-4,0.01,0.002,5078,51
211.05565929412842,2045,2048,411,3,0.01,0.002,5085,51
211.16365933418274,2048,2048,411,0,0.01,0.002,5082,51
211.27171516418457,2043,2048,411,5,0.01,0.002,5087,51
211.38022637367249,2050,2048,411,-2,0.01,0.002,5080,51
211.4877326488495,2044,2048,411,4,0.01,0.002,5086,51
211.59581780433655,2050,2048,411,-2,0.01,0.002,5080,51
211.70381832122803,2044,2048,412,4,0.01,0.002,5086,51
211.81281805038452,2051,2048,411,-3,0.01,0.002,5079,51
211.9208586215973,2057,2048,410,-9,0.01,0.002,5073,51
212.02807474136353,2043,2048,411,5,0.01,0.002,5087,51
212.13643407821655,2049,2048,411,-1,0.01,0.002,5081,51
212.24443650245667,2044,2048,411,4,0.01,0.002,5086,51
212.3521032333374,2051,2048,411,-3,0.01,0.002,5079,51
212.46010375022888,2047,2048,411,1,0.01,0.002,5083,51
212.56810331344604,2045,2048,411,3,0.01,0.002,5085,51
212.67610335350037,2049,2048,411,-1,0.01,0.002,5081,51
212.7841033935547,2040,2048,412,8,0.01,0.002,5091,51
212.89311695098877,2049,2048,412,-1,0.01,0.002,5082,51
213.0011167526245,2045,2048,412,3,0.01,0.002,5086,51
213.10918617248535,2049,2048,412,-1,0.01,0.002,5082,51
213.21718668937683,2044,2048,413,4,0.01,0.002,5087,51
213.32469415664673,2048,2048,413,0,0.01,0.002,5083,51
213.43269395828247,2058,2048,412,-10,0.01,0.002,5072,51
213.5422375202179,2042,2048,412,6,0.01,0.002,5089,51
213.65046548843384,2049,2048,412,-1,0.01,0.002,5082,51
213.75786900520325,2043,2048,413,5,0.01,0.002,5088,51
213.86586928367615,2051,2048,412,-3,0.01,0.002,5080,51
213.9738690853119,2061,2048,411,-13,0.01,0.002,5069,51
214.08321261405945,2040,2048,412,8,0.01,0.002,5090,51
214.1912112236023,2062,2048,410,-14,0.01,0.002,5068,51
214.30021262168884,2040,2048,411,8,0.01,0.002,5090,51
214.40830993652344,2061,2048,410,-13,0.01,0.002,5069,51
214.51731061935425,2041,2048,411,7,0.01,0.002,5089,51
214.62530994415283,2048,2048,411,0,0.01,0.002,5082,51
214.73330974578857,2047,2048,411,1,0.01,0.002,5083,51
214.84136128425598,2044,2048,411,4,0.01,0.002,5086,51
214.9493579864502,2049,2048,411,-1,0.01,0.002,5081,51
215.0573582649231,2044,2048,411,4,0.01,0.002,5086,51
215.16535711288452,2045,2048,412,3,0.01,0.002,5085,51
215.27368903160095,2045,2048,412,3,0.01,0.002,5085,51
215.3820517063141,2050,2048,412,-2,0.01,0.002,5080,51
215.49005389213562,2058,2048,411,-10,0.01,0.002,5072,51
215.59820246696472,2040,2048,412,8,0.01,0.002,5090,51
215.70620250701904,2047,2048,412,1,0.01,0.002,5083,51
215.81427383422852,2043,2048,412,5,0.01,0.002,5088,51
215.9222903251648,2050,2048,412,-2,0.01,0.002,5080,51
216.0303258895874,2046,2048,412,2,0.01,0.002,5085,51
216.13832783699036,2044,2048,413,4,0.01,0.002,5087,51
216.24732613563538,2065,2048,411,-17,0.01,0.002,5065,51
216.35532641410828,2040,2048,412,8,0.01,0.002,5090,51
216.46432638168335,2049,2048,412,-1,0.01,0.002,5081,51
216.5714910030365,2045,2048,412,3,0.01,0.002,5085,51
216.6794900894165,2048,2048,412,0,0.01,0.002,5082,51
216.78749012947083,2044,2048,412,4,0.01,0.002,5087,51
216.89592480659485,2048,2048,412,0,0.01,0.002,5083,51
217.004314661026,2061,2048,411,-13,0.01,0.002,5069,51
217.11335444450378,2040,2048,412,8,0.01,0.002,5090,51
217.22135400772095,2066,2048,410,-18,0.01,0.002,5064,51
217.33036971092224,2037,2048,411,11,0.01,0.002,5093,51
217.43847584724426,2050,2048,411,-2,0.01,0.002,5080,51
217.54647541046143,2043,2048,411,5,0.01,0.002,5087,51
217.65462040901184,2050,2048,411,-2,0.01,0.002,5080,51
217.76212692260742,2059,2048,410,-11,0.01,0.002,5071,51
217.87118077278137,2039,2048,411,9,0.01,0.002,5091,51
217.97918009757996,2047,2048,411,1,0.01,0.002,5083,51
218.0870943069458,2047,2048,411,1,0.01,0.002,5083,51
218.1960952281952,2060,2048,410,-12,0.01,0.002,5070,51
218.30469822883606,2039,2048,411,9,0.01,0.002,5091,51
218.41269850730896,2047,2048,411,1,0.01,0.002,5083,51
218.52099108695984,2042,2048,412,6,0.01,0.002,5088,51
218.62835121154785,2051,2048,411,-3,0.01,0.002,5079,51
218.73661422729492,2045,2048,412,3,0.01,0.002,5085,51
218.84463000297546,2049,2048,411,-1,0.01,0.002,5081,51
218.9526298046112,2060,2048,410,-12,0.01,0.002,5070,51
219.06163001060486,2041,2048,411,7,0.01,0.002,5089,51
219.16963005065918,2048,2048,411,0,0.01,0.002,5082,51
219.2776300907135,2054,2048,410,-6,0.01,0.002,5076,51
219.38562989234924,2043,2048,411,5,0.01,0.002,5087,51
219.49363017082214,2048,2048,411,0,0.01,0.002,5082,51
219.6019630432129,2044,2048,411,4,0.01,0.002,5086,51
219.7099630832672,2051,2048,411,-3,0.01,0.002,5079,51
219.81796312332153,2060,2048,410,-12,0.01,0.002,5070,51
219.92647409439087,2037,2048,411,11,0.01,0.002,5093,51
220.0354733467102,2048,2048,411,0,0.01,0.002,5082,51
220.14261293411255,2045,2048,411,3,0.01,0.002,5085,51
220.2511534690857,2049,2048,411,-1,0.01,0.002,5081,51
220.35895609855652,2066,2048,409,-18,0.01,0.002,5064,51
220.4679560661316,2037,2048,410,11,0.01,0.002,5093,51
220.57595682144165,2049,2048,410,-1,0.01,0.002,5081,51
220.68374466896057,2045,2048,411,3,0.01,0.002,5085,51
220.7917456626892,2048,2048,411,0,0.01,0.002,5082,51
220.9002525806427,2045,2048,411,3,0.01,0.002,5085,51
221.0082528591156,2047,2048,411,1,0.01,0.002,5083,51
221.11625337600708,2043,2048,411,5,0.01,0.002,5087,51
221.22432160377502,2046,2048,412,2,0.01,0.002,5084,51
221.33232164382935,2044,2048,412,4,0.01,0.002,5087,51
221.44036269187927,2047,2048,412,1,0.01,0.002,5084,51
221.54836297035217,2044,2048,413,4,0.01,0.002,5087,51
221.65636491775513,2050,2048,412,-2,0.01,0.002,5081,51
221.76469135284424,2044,2048,413,4,0.01,0.002,5087,51
221.8729019165039,2047,2048,413,1,0.01,0.002,5084,51
221.98090195655823,2046,2048,413,2,0.01,0.002,5085,51
222.08890175819397,2058,2048,412,-10,0.01,0.002,5073,51
222.19790196418762,2036,2048,413,12,0.01,0.002,5095,51
222.30590200424194,2048,2048,413,0,0.01,0.002,5083,51
222.41393303871155,2043,2048,414,5,0.01,0.002,5088,51
222.5217730998993,2049,2048,414,-1,0.01,0.002,5082,51
222.6297733783722,2058,2048,413,-10,0.01,0.002,5073,51
222.73877215385437,2038,2048,414,10,0.01,0.002,5093,51
222.84680366516113,2047,2048,414,1,0.01,0.002,5084,51
222.95480370521545,2044,2048,414,4,0.01,0.002,5087,51
223.06280374526978,2047,2048,414,1,0.01,0.002,5084,51
223.17083048820496,2043,2048,415,5,0.01,0.002,5088,51
223.27884531021118,2048,2048,415,0,0.01,0.002,5083,51
223.38714861869812,2059,2048,414,-11,0.01,0.002,5072,51
223.49557161331177,2040,2048,414,8,0.01,0.002,5091,51
223.60457134246826,2063,2048,413,-15,0.01,0.002,5068,51
223.71277403831482,2041,2048,414,7,0.01,0.002,5090,51
223.82077479362488,2048,2048,414,0,0.01,0.002,5083,51
223.92882442474365,2043,2048,414,5,0.01,0.002,5088,51
224.03682446479797,2050,2048,414,-2,0.01,0.002,5081,51
224.1448245048523,2043,2048,414,5,0.01,0.002,5088,51
224.25285148620605,2048,2048,414,0,0.01,0.002,5083,51
224.36085152626038,2044,2048,415,4,0.01,0.002,5087,51
224.46985173225403,2064,2048,413,-16,0.01,0.002,5067,51
224.5788516998291,2055,2048,413,-7,0.01,0.002,5076,51
224.686851978302,2045,2048,413,3,0.01,0.002,5086,51
224.7944037914276,2049,2048,413,-1,0.01,0.002,5082,51
224.90240287780762,2044,2048,413,4,0.01,0.002,5087,51
225.010644197464,2051,2048,413,-3,0.01,0.002,5080,51
225.1180455684662,2045,2048,413,3,0.01,0.002,5086,51
225.22604537010193,2048,2048,413,0,0.01,0.002,5083,51
225.33407354354858,2043,2048,414,5,0.01,0.002,5088,51
225.44207286834717,2048,2048,414,0,0.01,0.002,5083,51
225.55023837089539,2044,2048,414,4,0.01,0.002,5087,51
225.6588156223297,2049,2048,414,-1,0.01,0.002,5082,51
225.76681566238403,2046,2048,414,2,0.01,0.002,5085,51
225.87432527542114,2042,2048,415,6,0.01,0.002,5089,51
225.98232555389404,2048,2048,415,0,0.01,0.002,5083,51
226.09065747261047,2046,2048,415,2,0.01,0.002,5085,51
226.19865727424622,2044,2048,415,4,0.01,0.002,5087,51
226.30671048164368,2064,2048,414,-16,0.01,0.002,5067,51
226.414710521698,2041,2048,414,7,0.01,0.002,5090,51
226.52271032333374,2047,2048,415,1,0.01,0.002,5084,51
226.63108563423157,2042,2048,415,6,0.01,0.002,5089,51
226.73923230171204,2048,2048,415,0,0.01,0.002,5083,51
226.8472318649292,2044,2048,416,4,0.01,0.002,5087,51
226.9552731513977,2046,2048,416,2,0.01,0.002,5085,51
227.0632734298706,2048,2048,416,0,0.01,0.002,5083,51
227.1712737083435,2046,2048,416,2,0.01,0.002,5085,51
227.27904510498047,2045,2048,416,3,0.01,0.002,5086,51
227.38704466819763,2049,2048,416,-1,0.01,0.002,5082,51
227.4951298236847,2059,2048,415,-11,0.01,0.002,5072,51
227.60412979125977,2042,2048,416,6,0.01,0.002,5089,51
227.7126407623291,2048,2048,416,0,0.01,0.002,5083,51
227.82066774368286,2045,2048,416,3,0.01,0.002,5086,51
227.92866778373718,2049,2048,416,-1,0.01,0.002,5082,51
228.03670859336853,2044,2048,416,4,0.01,0.002,5087,51
228.14470839500427,2051,2048,416,-3,0.01,0.002,5080,51
228.25296354293823,2057,2048,415,-9,0.01,0.002,5074,51
228.36047506332397,2040,2048,416,8,0.01,0.002,5091,51
228.4685356616974,2063,2048,414,-15,0.01,0.002,5068,51
228.57805347442627,2040,2048,415,8,0.01,0.002,5091,51
228.6860523223877,2063,2048,414,-15,0.01,0.002,5068,51
228.79405307769775,2041,2048,414,7,0.01,0.002,5090,51
228.90305376052856,2048,2048,414,0,0.01,0.002,5083,51
251.37604212760925,2044,2048,415,4,0.01,0.002,5087,51
251.40855240821838,2049,2048,415,-1,0.01,0.002,5082,51
251.44006061553955,2045,2048,415,3,0.01,0.002,5086,51
251.46706080436707,2049,2048,415,-1,0.01,0.002,5082,51
251.49106240272522,2060,2048,414,-12,0.01,0.002,5071,51
251.5160617828369,2040,2048,414,8,0.01,0.002,5091,51
251.54506158828735,2065,2048,413,-17,0.01,0.002,5066,51
251.57106065750122,2041,2048,413,7,0.01,0.002,5090,51
251.59456849098206,2048,2048,413,0,0.01,0.002,5083,51
251.62056684494019,2045,2048,414,3,0.01,0.002,5086,51
251.64356780052185,2049,2048,414,-1,0.01,0.002,5082,51
251.67156672477722,2043,2048,414,5,0.01,0.002,5088,51
251.6955668926239,2046,2048,414,2,0.01,0.002,5085,51
251.72156715393066,2043,2048,415,5,0.01,0.002,5088,51
251.74756693840027,2050,2048,415,-2,0.01,0.002,5081,51
251.77356719970703,2044,2048,415,4,0.01,0.002,5087,51
251.8035671710968,2055,2048,414,-7,0.01,0.002,5076,51
251.83556699752808,2059,2048,413,-11,0.01,0.002,5072,51
251.86656785011292,2042,2048,414,6,0.01,0.002,5089,51
251.89856719970703,2048,2048,414,0,0.01,0.002,5083,51
251.93056678771973,2058,2048,413,-10,0.01,0.002,5073,51
251.95950317382812,2035,2048,414,13,0.01,0.002,5096,51
251.98450374603271,2053,2048,414,-5,0.01,0.002,5078,51
252.00850319862366,2047,2048,414,1,0.01,0.002,5084,51
252.0335032939911,2045,2048,414,3,0.01,0.002,5086,51
252.0595030784607,2051,2048,414,-3,0.01,0.002,5080,51
252.08550262451172,2044,2048,414,4,0.01,0.002,5087,51
252.11750292778015,2063,2048,413,-15,0.01,0.002,5068,51
252.14750289916992,2040,2048,413,8,0.01,0.002,5091,51
252.1745035648346,2065,2048,412,-17,0.01,0.002,5065,51
252.20090699195862,2041,2048,412,7,0.01,0.002,5090,51
252.2289056777954,2046,2048,413,2,0.01,0.002,5085,51
252.25390577316284,2046,2048,413,2,0.01,0.002,5085,51
252.27790689468384,2061,2048,412,-13,0.01,0.002,5069,51
252.30290508270264,2041,2048,412,7,0.01,0.002,5090,51
252.32690596580505,2048,2048,412,0,0.01,0.002,5083,51
252.3519048690796,2045,2048,413,3,0.01,0.002,5086,51
252.37490582466125,2049,2048,412,-1,0.01,0.002,5082,51
252.3999059200287,2060,2048,411,-12,0.01,0.002,5070,51
252.42490553855896,2040,2048,412,8,0.01,0.002,5091,51
252.4527313709259,2049,2048,412,-1,0.01,0.002,5082,51
252.4807312488556,2044,2048,412,4,0.01,0.002,5087,51
252.51273226737976,2050,2048,412,-2,0.01,0.002,5081,51
252.6072793006897,2045,2048,412,3,0.01,0.002,5086,51
252.61878418922424,2049,2048,412,-1,0.01,0.002,5082,51
252.63129568099976,2058,2048,411,-10,0.01,0.002,5072,51
252.6437282562256,2037,2048,412,11,0.01,0.002,5094,51
252.6552357673645,2047,2048,413,1,0.01,0.002,5084,51
252.66674423217773,2045,2048,413,3,0.01,0.002,5086,51
252.67874717712402,2048,2048,413,0,0.01,0.002,5083,51
252.69050216674805,2042,2048,413,6,0.01,0.002,5089,51
252.70250606536865,2046,2048,414,2,0.01,0.002,5085,51
252.71458911895752,2045,2048,414,3,0.01,0.002,5086,51
252.7255940437317,2048,2048,414,0,0.01,0.002,5083,51
252.7371563911438,2042,2048,415,6,0.01,0.002,5089,51
252.74866461753845,2050,2048,414,-2,0.01,0.002,5081,51
252.7601716518402,2060,2048,413,-12,0.01,0.002,5071,51
252.77168107032776,2039,2048,414,9,0.01,0.002,5092,51
252.7836844921112,2049,2048,414,-1,0.01,0.002,5082,51
252.79550313949585,2045,2048,414,3,0.01,0.002,5086,51
252.80750703811646,2048,2048,414,0,0.01,0.002,5083,51
252.81900191307068,2045,2048,415,3,0.01,0.002,5086,51
252.83104062080383,2047,2048,415,1,0.01,0.002,5084,51
252.84256172180176,2046,2048,415,2,0.01,0.002,5085,51
252.8540678024292,2064,2048,413,-16,0.01,0.002,5067,51
252.86570143699646,2040,2048,414,8,0.01,0.002,5091,51
252.8775074481964,2052,2048,414,-4,0.01,0.002,5079,51
252.88901805877686,2044,2048,414,4,0.01,0.002,5087,51
252.9016079902649,2049,2048,414,-1,0.01,0.002,5082,51
252.91270399093628,2044,2048,414,4,0.01,0.002,5087,51
252.92450594902039,2047,2048,414,1,0.01,0.002,5084,51
252.93615174293518,2047,2048,415,1,0.01,0.002,5084,51
252.9476776123047,2060,2048,413,-12,0.01,0.002,5071,51
252.95968174934387,2041,2048,414,7,0.01,0.002,5090,51
252.97091031074524,2047,2048,414,1,0.01,0.002,5084,51
252.98250770568848,2060,2048,413,-12,0.01,0.002,5071,51
252.99451112747192,2038,2048,414,10,0.01,0.002,5093,51
253.00652527809143,2049,2048,414,-1,0.01,0.002,5082,51
253.01841950416565,2045,2048,414,3,0.01,0.002,5086,51
253.02992749214172,2049,2048,414,-1,0.01,0.002,5082,51
253.04143285751343,2057,2048,413,-9,0.01,0.002,5074,51
253.05293941497803,2042,2048,414,6,0.01,0.002,5089,51
253.0644462108612,2048,2048,414,0,0.01,0.002,5083,51
253.0759527683258,2060,2048,413,-12,0.01,0.002,5071,51
253.08745956420898,2043,2048,413,5,0.01,0.002,5088,51
253.0989649295807,2046,2048,413,2,0.01,0.002,5085,51
253.1104712486267,2045,2048,414,3,0.01,0.002,5086,51
253.12197756767273,2047,2048,414,1,0.01,0.002,5084,51
253.1339681148529,2044,2048,414,4,0.01,0.002,5087,51
253.1456549167633,2062,2048,413,-14,0.01,0.002,5069,51
253.1580958366394,2040,2048,413,8,0.01,0.002,5091,51
253.1728754043579,2063,2048,412,-15,0.01,0.002,5067,51
253.1845121383667,2040,2048,413,8,0.01,0.002,5091,51
253.19601702690125,2049,2048,413,-1,0.01,0.002,5082,51
253.20752263069153,2043,2048,413,5,0.01,0.002,5088,51
253.2190294265747,2047,2048,413,1,0.01,0.002,5084,51
253.230535030365,2045,2048,414,3,0.01,0.002,5086,51
253.24204230308533,2047,2048,414,1,0.01,0.002,5084,51
253.2535490989685,2043,2048,414,5,0.01,0.002,5088,51
253.26505994796753,2048,2048,414,0,0.01,0.002,5083,51
253.27658414840698,2042,2048,415,6,0.01,0.002,5089,51
253.2881510257721,2049,2048,415,-1,0.01,0.002,5082,51
253.29965806007385,2044,2048,415,4,0.01,0.002,5087,51
253.31116652488708,2047,2048,415,1,0.01,0.002,5084,51
253.3232502937317,2044,2048,416,4,0.01,0.002,5087,51
253.33460426330566,2065,2048,414,-17,0.01,0.002,5066,51
253.34561014175415,2040,2048,415,8,0.01,0.002,5091,51
253.35721635818481,2063,2048,413,-15,0.01,0.002,5068,51
253.3686385154724,2038,2048,414,10,0.01,0.002,5093,51
253.38014340400696,2048,2048,414,0,0.01,0.002,5083,51
253.3923192024231,2044,2048,415,4,0.01,0.002,5087,51
253.40377235412598,2048,2048,415,0,0.01,0.002,5083,51
253.41513633728027,2042,2048,415,6,0.01,0.002,5089,51
253.42658710479736,2049,2048,415,-1,0.01,0.002,5082,51
253.43759107589722,2044,2048,415,4,0.01,0.002,5087,51
253.44922614097595,2048,2048,415,0,0.01,0.002,5083,51
253.4607331752777,2060,2048,414,-12,0.01,0.002,5071,51
253.4722397327423,2040,2048,415,8,0.01,0.002,5091,51
253.4837462902069,2064,2048,413,-16,0.01,0.002,5067,51
253.49525451660156,2040,2048,414,8,0.01,0.002,5091,51
253.50677824020386,2049,2048,414,-1,0.01,0.002,5082,51
253.51892066001892,2061,2048,413,-13,0.01,0.002,5070,51
253.53042936325073,2040,2048,414,8,0.01,0.002,5091,51
253.5424370765686,2048,2048,414,0,0.01,0.002,5083,51
253.5544364452362,2044,2048,414,4,0.01,0.002,5087,51
253.56594276428223,2048,2048,414,0,0.01,0.002,5083,51
253.57745027542114,2044,2048,414,4,0.01,0.002,5087,51
253.58895635604858,2049,2048,414,-1,0.01,0.002,5082,51
253.60095977783203,2044,2048,415,4,0.01,0.002,5087,51
253.61246633529663,2046,2048,415,2,0.01,0.002,5085,51
253.6241319179535,2047,2048,415,1,0.01,0.002,5084,51
253.63563799858093,2057,2048,414,-9,0.01,0.002,5074,51
253.64764142036438,2040,2048,415,8,0.01,0.002,5091,51
253.6596519947052,2064,2048,413,-16,0.01,0.002,5067,51
253.67065477371216,2038,2048,414,10,0.01,0.002,5093,51
253.68205094337463,2050,2048,414,-2,0.01,0.002,5081,51
253.69406151771545,2046,2048,414,2,0.01,0.002,5085,51
253.7052128314972,2045,2048,415,3,0.01,0.002,5086,51
253.7162172794342,2047,2048,415,1,0.01,0.002,5084,51
253.72776818275452,2045,2048,415,3,0.01,0.002,5086,51
253.7402744293213,2046,2048,415,2,0.01,0.002,5085,51
253.75127792358398,2049,2048,415,-1,0.01,0.002,5082,51
253.76278591156006,2047,2048,415,1,0.01,0.002,5084,51
253.77431535720825,2044,2048,416,4,0.01,0.002,5087,51
253.78531885147095,2062,2048,414,-14,0.01,0.002,5069,51
253.79690957069397,2040,2048,415,8,0.01,0.002,5091,51
253.80841660499573,2047,2048,415,1,0.01,0.002,5084,51
253.81992530822754,2040,2048,416,8,0.01,0.002,5091,51
253.8314311504364,2064,2048,414,-16,0.01,0.002,5067,51
253.84293794631958,2053,2048,414,-5,0.01,0.002,5078,51
253.85444402694702,2045,2048,414,3,0.01,0.002,5086,51
253.86594939231873,2050,2048,414,-2,0.01,0.002,5081,51
253.87795305252075,2044,2048,414,4,0.01,0.002,5087,51
253.8895299434662,2046,2048,415,2,0.01,0.002,5085,51
253.9010362625122,2062,2048,413,-14,0.01,0.002,5069,51
253.91254425048828,2040,2048,414,8,0.01,0.002,5091,51
253.92409586906433,2047,2048,414,1,0.01,0.002,5084,51
253.9356017112732,2059,2048,413,-11,0.01,0.002,5072,51
253.94710898399353,2041,2048,414,7,0.01,0.002,5090,51
253.95861434936523,2049,2048,414,-1,0.01,0.002,5082,51
253.971120595932,2063,2048,412,-15,0.01,0.002,5068,51
253.98262739181519,2045,2048,412,3,0.01,0.002,5086,51
253.99413299560547,2047,2048,412,1,0.01,0.002,5084,51
254.00564646720886,2044,2048,413,4,0.01,0.002,5087,51
254.01715564727783,2048,2048,413,0,0.01,0.002,5083,51
254.02883958816528,2042,2048,413,6,0.01,0.002,5089,51
254.04134941101074,2047,2048,414,1,0.01,0.002,5084,51
254.05285906791687,2037,2048,415,11,0.01,0.002,5094,51
254.06572771072388,2049,2048,415,-1,0.01,0.002,5082,51
254.0772364139557,2044,2048,415,4,0.01,0.002,5087,51
254.08939385414124,2063,2048,413,-15,0.01,0.002,5068,51
254.10090041160583,2039,2048,414,9,0.01,0.002,5092,51
254.1130838394165,2047,2048,414,1,0.01,0.002,5084,51
254.12459254264832,2043,2048,415,5,0.01,0.002,5088,51
254.1369125843048,2048,2048,415,0,0.01,0.002,5083,51
254.1484181880951,2043,2048,415,5,0.01,0.002,5088,51
254.16059517860413,2047,2048,416,1,0.01,0.002,5084,51
254.1727328300476,2044,2048,416,4,0.01,0.002,5087,51
254.18444967269897,2048,2048,416,0,0.01,0.002,5083,51
254.1959547996521,2045,2048,416,3,0.01,0.002,5086,51
254.20746064186096,2047,2048,416,1,0.01,0.002,5084,51
254.21896862983704,2044,2048,417,4,0.01,0.002,5087,51
254.23147654533386,2064,2048,415,-16,0.01,0.002,5067,51
254.24298286437988,2039,2048,416,9,0.01,0.002,5092,51
254.25448894500732,2048,2048,416,0,0.01,0.002,5083,51
254.26549220085144,2043,2048,417,5,0.01,0.002,5088,51
254.27699875831604,2047,2048,417,1,0.01,0.002,5084,51
254.28859090805054,2043,2048,417,5,0.01,0.002,5089,51
254.30009603500366,2050,2048,417,-2,0.01,0.002,5081,51
254.31160163879395,2042,2048,418,6,0.01,0.002,5090,51
254.32310676574707,2049,2048,417,-1,0.01,0.002,5083,51
254.3346118927002,2059,2048,416,-11,0.01,0.002,5072,51
254.34611678123474,2039,2048,417,9,0.01,0.002,5093,51
254.35776281356812,2046,2048,417,2,0.01,0.002,5086,51
254.36926794052124,2063,2048,416,-15,0.01,0.002,5068,51
254.38085174560547,2037,2048,417,11,0.01,0.002,5095,51
254.39243292808533,2049,2048,417,-1,0.01,0.002,5082,51
254.40393924713135,2044,2048,417,4,0.01,0.002,5088,51
254.41558980941772,2047,2048,417,1,0.01,0.002,5085,51
254.42760109901428,2043,2048,418,5,0.01,0.002,5089,51
254.4386043548584,2048,2048,418,0,0.01,0.002,5084,51
254.4501121044159,2043,2048,418,5,0.01,0.002,5089,51
254.46212196350098,2048,2048,418,0,0.01,0.002,5084,51
254.47312569618225,2060,2048,417,-12,0.01,0.002,5072,51
254.48464608192444,2039,2048,418,9,0.01,0.002,5093,51
254.49615216255188,2049,2048,418,-1,0.01,0.002,5083,51
254.507657289505,2043,2048,419,5,0.01,0.002,5089,51
254.51916241645813,2047,2048,419,1,0.01,0.002,5085,51
254.5306680202484,2042,2048,419,6,0.01,0.002,5090,51
254.54217338562012,2047,2048,419,1,0.01,0.002,5085,51
254.55367851257324,2043,2048,420,5,0.01,0.002,5089,51
254.56518411636353,2049,2048,420,-1,0.01,0.002,5083,51
254.57668948173523,2039,2048,421,9,0.01,0.002,5093,51
254.58819580078125,2048,2048,421,0,0.01,0.002,5084,51
254.5997016429901,2045,2048,421,3,0.01,0.002,5087,51
254.61120653152466,2046,2048,421,2,0.01,0.002,5086,51
254.62271189689636,2048,2048,421,0,0.01,0.002,5084,51
254.63421821594238,2044,2048,422,4,0.01,0.002,5088,51
254.6457235813141,2046,2048,422,2,0.01,0.002,5086,51
254.65772652626038,2049,2048,422,-1,0.01,0.002,5083,51
254.66928219795227,2035,2048,423,13,0.01,0.002,5098,51
254.68035197257996,2052,2048,423,-4,0.01,0.002,5081,51
254.6917908191681,2042,2048,423,6,0.01,0.002,5091,51
254.70354890823364,2045,2048,423,3,0.01,0.002,5088,51
254.7150559425354,2048,2048,423,0,0.01,0.002,5085,51
254.72656321525574,2054,2048,423,-6,0.01,0.002,5079,51
254.7380702495575,2043,2048,423,5,0.01,0.002,5090,51
254.74957656860352,2046,2048,424,2,0.01,0.002,5087,51
254.76108264923096,2063,2048,422,-15,0.01,0.002,5070,51
254.77258968353271,2039,2048,423,9,0.01,0.002,5094,51
254.78409814834595,2047,2048,423,1,0.01,0.002,5086,51
254.7961027622223,2047,2048,423,1,0.01,0.002,5086,51
254.80761051177979,2047,2048,423,1,0.01,0.002,5086,51
254.81918048858643,2050,2048,423,-2,0.01,0.002,5083,51
254.83068895339966,2042,2048,424,6,0.01,0.002,5091,51
254.84219551086426,2048,2048,424,0,0.01,0.002,5085,51
254.85370182991028,2042,2048,424,6,0.01,0.002,5091,51
254.86570525169373,2047,2048,424,1,0.01,0.002,5086,51
254.8775510787964,2047,2048,424,1,0.01,0.002,5086,51
254.88911151885986,2046,2048,425,2,0.01,0.002,5087,51
254.97022080421448,2062,2048,423,-14,0.01,0.002,5071,51
255.07872772216797,2041,2048,424,7,0.01,0.002,5092,51
255.18705034255981,2054,2048,423,-6,0.01,0.002,5079,51
255.29506969451904,2058,2048,422,-10,0.01,0.002,5075,51
255.4044177532196,2039,2048,423,9,0.01,0.002,5094,51
255.5119230747223,2047,2048,423,1,0.01,0.002,5086,51
255.620507478714,2047,2048,423,1,0.01,0.002,5086,51
255.7282612323761,2048,2048,423,0,0.01,0.002,5085,51
255.836510181427,2041,2048,424,7,0.01,0.002,5092,51
255.94379138946533,2049,2048,424,-1,0.01,0.002,5084,51
256.0517632961273,2042,2048,425,6,0.01,0.002,5091,51
256.15975999832153,2048,2048,425,0,0.01,0.002,5085,51
256.2682604789734,2048,2048,425,0,0.01,0.002,5085,51
256.3759162425995,2047,2048,425,1,0.01,0.002,5086,51
256.48441910743713,2059,2048,424,-11,0.01,0.002,5074,51
256.5936017036438,2040,2048,424,8,0.01,0.002,5093,51
256.7016839981079,2068,2048,422,-20,0.01,0.002,5065,51
